Paper ID,Author(s),Year,Title,url,Publication Type,Country,Meteorological Variable(s),Application Type,AI Technique,Model(s) Used,Prediction Vs Decision Support,Dataset /Input Type,Data Source,Sample Size / Time Span/Spatial Coverage,Sample Size Category,Evaluation Metrics,Key Findings,Limitation Category,CHALLENGES REPORTED
S1,Abebe W.T. et al.,2023,Artificial intelligence models for prediction of monthly rainfall without climatic data for meteorological stations in Ethiopia,https://journalofbigdata.springeropen.com/articles/10.1186/s40537-022-00683-3,Journal ,Ethiopia,"DYNAMIC AND KINEMATIC VARIABLES, HYDROLOGICAL AND WATER CYCLE VARIABLES, ATMOSPHERIC STATE VARIABLES","Disaster & Early Warning, Hydrology/Water, Agriculture",Soft Computing / Data-driven models,Artificial Neural Networks (ANNs); Adaptive Neuro-Fuzzy Inference System (ANFIS),Prediction,"Ground Stations, CURRATED DATABASES AND BENCHMARK DATASETS, Multiple/Derived",Climate Prediction Centre (CPC) - global unified gauge-based rainfall data.,92 meteorological stations / 11 years (2011–2021),"""Medium (1,000 - 100,000 samples / 10-100 stations / 5-30 years)""","Regression & Continuous Variable, Forecast Verification & Probabilistic","ANFIS significantly outperformed ANN across all metrics. Test Performance:
ANFIS: R˛=0.9992, MAE=0.0028, RMSE=0.0033, MAPE=0.28%, E=0.9954.
ANN: R˛=0.9383, MAE=0.03, RMSE=0.032, MAPE=2.8%, E=0.935.","Spatial & Geographic Constraints, Temporal & Extreme Event Limitations, Data Quality & Methodological Limitations","Domain-specific challenges, Socio-technical challenges, Data-related challenges"
S2,Salcedo-Sanz et al.,2025,Artificial Intelligence-Based Methods and Algorithms in Fog and Atmospheric Low-Visibility Forecasting,https://www.mdpi.com/2073-4433/16/9/1073,Journal ,Spain,"ATMOSPHERIC STATE VARIABLES, DYNAMIC AND KINEMATIC VARIABLES, HYDROLOGICAL AND WATER CYCLE VARIABLES",Disaster & Early Warning,"Machine Learning, Deep Learning, Ordinal Classification","Logistic All-Threshold (LAT), Ridge Regression classifier",Prediction,"Ground Stations, Reanalysis, CURRATED DATABASES AND BENCHMARK DATASETS","Santiago de Compostela Airport (LEST), Vigo Airport (LEVX), Spain","122,712 patterns (Jan 2010 - Dec 2023), 75% training (92,034), 25% testing (30,678), Two airports in Galicia, Spain","""Medium (1,000 - 100,000 samples / 10-100 stations / 5-30 years)""","Regression & Continuous Variable, Classification & Categorical",LAT classifier outperformed Ridge in 5/6 metrics; better handling of imbalanced ordinal classes; fewer critical errors (misclassifying low-visibility as clear); more explainable models,"Spatial & Geographic Constraints, Data Quality & Methodological Limitations","Technical/Methodological challenges, Data-related challenges"
S3,Wang et al.,2025,Global weather forecasting through deep learning: applications and challenges,https://www.sciopen.com/article/10.26599/TRCN.2025.9550021,Journal ,China,"ATMOSPHERIC STATE VARIABLES, DYNAMIC AND KINEMATIC VARIABLES, HYDROLOGICAL AND WATER CYCLE VARIABLES, ""RADIATION, ENERGY, AND COMPOSITION VARIABLES""",General Weather Forecasting,"Deep Learning, Machine Learning","CNN, RNN, LSTM, GRU, Transformer, GAN, Diffusion models, ConvLSTM, TrajGRU, TENT, SwinUNet3D, PoET, SRCNN, ESRGAN, SRDiff, Pangu-Weather, GraphCast, FengWu, FuXi, FourCastNet, NowcastNet",Prediction,"Satellite/Remote Sensing, CURRATED DATABASES AND BENCHMARK DATASETS, Ground Stations, Radar, Reanalysis, Multiple/Derived","National Climatic Data Center (NCDC), Kaggle, ECMWF reanalysis, Geostationary satellite images, Weather radar networks","Various datasets across multiple studies; Global coverage including US, Germany, Northwest Pacific, China","""Large (> 100,000 samples / > 100 stations / > 30 years)""","Regression & Continuous Variable, Classification & Categorical, Binary & Severe Weather Detection, Specialized & Domain-Specific","Deep learning models outperform traditional NWP in short-term forecasts and computational speed; large-scale models (Pangu-Weather, GraphCast, FengWu, FuXi) achieve competitive accuracy at 1-10 day lead times with 10,000x speed improvement; hybrid approaches integrating NWP with DL show promise","Temporal & Extreme Event Limitations, Data Quality & Methodological Limitations, Forecast Horizon & Operational Limitations","Technical/Methodological challenges, Data-related challenges, Domain-specific challenges"
S4,Reichstein et al.,2025,Early warning of complex climate risk with integrated artificial intelligence,https://www.nature.com/articles/s41467-025-57640-w,Journal ,"Germany (with international co-authors from UK, Spain, USA, Austria, Sweden, Italy, Kenya)","ATMOSPHERIC STATE VARIABLES, DYNAMIC AND KINEMATIC VARIABLES, HYDROLOGICAL AND WATER CYCLE VARIABLES, ""RADIATION, ENERGY, AND COMPOSITION VARIABLES""","Disaster & Early Warning, General Weather Forecasting, Climate Research","Machine Learning, Deep Learning, Causal AI, Generative AI, Foundation Models","Transformers, CNNs, LSTMs, Graph Neural Networks, Large Language Models (LLMs), Multi-modal Models, CLIP, Pangu-Weather, GraphCast, FourCastNet, AtmoRep, Aurora",Decision Support,"Ground Stations, Satellite/Remote Sensing, Reanalysis, Radar, IoT Sensors, Crowdsourced, CURRATED DATABASES AND BENCHMARK DATASETS, Multiple/Derived","ECMWF, Earth Observation satellites (Sentinel, GOES-R), Weather radar networks, Social media platforms, Humanitarian organizations (Red Cross, World Food Program)","Global coverage with case studies: Ahr Valley flood (Germany 2021), Eastern Africa drought, North American heat-fire-smoke events (2023)","""Large (> 100,000 samples / > 100 stations / > 30 years)""",None,"AI models (GraphCast, Pangu-Weather) outperform conventional NWP in medium-range forecasting; Foundation models enable multi-hazard impact prediction; AI improves communication through personalization and generative methods; Causal AI needed to avoid spurious predictions","Spatial & Geographic Constraints, Data Quality & Methodological Limitations, Forecast Horizon & Operational Limitations","Data-related challenges, Technical/Methodological challenges, Socio-technical challenges, Domain-specific challenges"
S5,Amanullah & Kumar,2025,"Machine Learning Approaches for Intelligent Weather Forecasting: Challenges, Techniques, and Research Directions",https://spast.org/techrep/article/view/5567,Journal ,"Malaysia, Oman, India","ATMOSPHERIC STATE VARIABLES, DYNAMIC AND KINEMATIC VARIABLES, HYDROLOGICAL AND WATER CYCLE VARIABLES",General Weather Forecasting,"Machine Learning, Deep Learning, Ensemble Learning","Random Forest (RF), XGBoost, Support Vector Regression (SVR), k-Nearest Neighbors (k-NN), Decision Trees, Naďve Bayes, LSTM, CNN, Bi-LSTM, CNN-LSTM, ConvLSTM, ARIMA-LSTM, Gradient Boosting, AdaBoost, Stacking ensembles, Bagging ensembles, Transformer models, Prophet",Prediction,"Ground Stations, Satellite/Remote Sensing, CURRATED DATABASES AND BENCHMARK DATASETS","Indian Meteorological Department (IMD), various unspecified meteorological datasets",NA,Ambigous,Classification & Categorical,"Ensemble models (RF, XGBoost) outperform individual learners for temperature prediction; SVR effective for rainfall with proper tuning; Decision Trees perform well for multivariable forecasting; LSTM effective for multi-day temperature forecasting; CNN-LSTM hybrid superior for rainfall prediction; Bi-LSTM better for wind speed; Stacking ensembles improve humidity forecasting; Hybrid ARIMA-LSTM effective for seasonal forecasts; Transformer models outperform RNNs/LSTMs for long-term temperature prediction","Spatial & Geographic Constraints, Data Quality & Methodological Limitations, Forecast Horizon & Operational Limitations","Data-related challenges, Technical/Methodological challenges"
S6,Olivetti & Messori,2024,Advances and prospects of deep learning for medium-range extreme weather forecasting,https://gmd.copernicus.org/articles/17/2347/2024/,Journal ,Sweden,"ATMOSPHERIC STATE VARIABLES, DYNAMIC AND KINEMATIC VARIABLES, HYDROLOGICAL AND WATER CYCLE VARIABLES","General Weather Forecasting, Disaster & Early Warning",Deep Learning,"FourCastNet, Keisler (2022), Pangu-Weather, GraphCast, FengWu, ClimaX, FuXi (including FuXi-Extreme)",Prediction,"Reanalysis, CURRATED DATABASES AND BENCHMARK DATASETS",ERA5 reanalysis (Copernicus Climate Change Service),Global coverage,"""Large (> 100,000 samples / > 100 stations / > 30 years)""","Regression & Continuous Variable, Binary & Severe Weather Detection, Specialized & Domain-Specific","Seven DL models (FourCastNet, Pangu-Weather, GraphCast, etc.) claim to outperform ECMWF HRES deterministic forecasts; GraphCast and Pangu-Weather show skill in cyclone tracking and binary detection of T2m extremes; Pangu-Weather tends to underestimate magnitude of extremes; GraphCast comparable or better than HRES for T2m extremes at 5d lead time","Temporal & Extreme Event Limitations, Data Quality & Methodological Limitations, Forecast Horizon & Operational Limitations","Data-related challenges, Technical/Methodological challenges"
S7,Rana & Lone,2025,"Integrated Artificial Intelligence in Weather Forecasting for Agriculture: Opportunities, Challenges, and the Road Ahead",https://www.academia.edu/download/125738251/LONE15112025IJECC148334.pdf,Journal ,India,"ATMOSPHERIC STATE VARIABLES, DYNAMIC AND KINEMATIC VARIABLES, HYDROLOGICAL AND WATER CYCLE VARIABLES, ""RADIATION, ENERGY, AND COMPOSITION VARIABLES""","Agriculture, Disaster & Early Warning","Machine Learning, Deep Learning, Ensemble Learning, Hybrid AI-NWP","Regression models, Decision Trees, Neural Networks, LSTM-RNN, Random Forest, Adaboost, Modified Adaboost, ARIMA",Decision Support,"Ground Stations, Satellite/Remote Sensing, Reanalysis, Radar, IoT Sensors, Crowdsourced, CURRATED DATABASES AND BENCHMARK DATASETS","IMD, NOAA, ECMWF, NRSA, MODIS, Sentinel, APIs, Ground-based IoT sensors","Wardha district (Maharashtra), Telangana state, National (India) coverage; Time spans: 2015-2020 (Telangana study)","""Medium (1,000 - 100,000 samples / 10-100 stations / 5-30 years)""","Regression & Continuous Variable, Classification & Categorical","AI models reduce MAE for precipitation by 15-40% vs traditional NWP; Lead-time improvement of 10-16 hours for warnings; LSTM-RNN achieved RMSE 5.02% (min temp), 7.28% (max temp), 8.24% (rainfall); Random Forest achieved 97.235% crop selection accuracy; Modified Adaboost achieved 90% accuracy; Meghdoot app reached 3.7+ million users","Spatial & Geographic Constraints, Data Quality & Methodological Limitations, Forecast Horizon & Operational Limitations","Data-related challenges, Technical/Methodological challenges, Socio-technical challenges, Domain-specific challenges"
S8,Fu et al.,2024,Simulation and forecasting of fishery weather based on statistical machine learning,https://www.sciencedirect.com/science/article/pii/S2214317323000537,Journal ,China,"ATMOSPHERIC STATE VARIABLES, DYNAMIC AND KINEMATIC VARIABLES, HYDROLOGICAL AND WATER CYCLE VARIABLES, ""RADIATION, ENERGY, AND COMPOSITION VARIABLES""","Agriculture, Disaster & Early Warning","Statistical Machine Learning, Deep Learning, Generative AI","StyleGAN2, CNN-LSTM, Transformer, K-nn, GLMs, Bayesian networks, Markov chains, ARW, Conv-LSTM, DBNPF, SINGV-DA, U-Net, Denoising AE, NGBoost, MetNet, Autoformer, DLWP, Graph Neural Networks, TECA, QRF, Tiramisu, DeepLabv3+, Capsule Neural Networks, Bagging-XGBoost",Both,"Ground Stations, Satellite/Remote Sensing, Reanalysis, Radar, IoT Sensors, Crowdsourced, CURRATED DATABASES AND BENCHMARK DATASETS",Not specified (general meteorological datasets),NA,Ambigous,"Regression & Continuous Variable, Classification & Categorical",StyleGAN2 effectively generates realistic weather scenarios with overall trends and local diversity; CNN-LSTM with weather change indices improves forecast accuracy; Transformer-based models excel at extreme weather warning with attention mechanisms; Autoformer achieves 38% relative improvement across benchmarks; Graph neural networks optimal for mid-term forecasts,"Temporal & Extreme Event Limitations, Data Quality & Methodological Limitations","Data-related challenges, Technical/Methodological challenges, Domain-specific challenges"
S9,Rahman et al.,2024,"Tropical cyclone warning and forecasting system in Bangladesh: challenges, prospects, and future direction to adopt artificial intelligence",https://link.springer.com/10.1007/s43762-023-00113-x,Journal ,Bangladesh,"ATMOSPHERIC STATE VARIABLES, DYNAMIC AND KINEMATIC VARIABLES, HYDROLOGICAL AND WATER CYCLE VARIABLES",Disaster & Early Warning,"Machine Learning, Deep Learning, Generative AI","CNN, SVM, KNN, Random Forest, ANN, XGBoost, YOLO, GAN, Decision Trees, Linear Regression, Multi-Linear Regression, Coarse Decision Tree (CDT), WRF model, MRI model, CReSS model",Both,"Satellite/Remote Sensing, Ground Stations, Radar, Crowdsourced","BMD (Bangladesh Meteorological Department), IMD, JTWC, JMA, NCEP, SPARRSO, ERA5, USGS, BIWTA, BWDB, IBTrACS, CRED, GTCCA","47 papers reviewed; Time span: 1877-2022 (historical cyclone tracks); Spatial coverage: Bay of Bengal, Bangladesh coastal region","""Large (> 100,000 samples / > 100 stations / > 30 years)""","Regression & Continuous Variable, Classification & Categorical, Model Performance & Efficiency",Only 2 credible papers on AI-based cyclone prediction in Bangladesh; CNN achieved 95.15% accuracy for cyclone detection; SST prediction possible with 98% accuracy using ML; Coastal stations show strong correlation to SST (R=0.919 for Chattagram); ML models can validate predictions with 85% accuracy for monthly SST time series,"Spatial & Geographic Constraints, Temporal & Extreme Event Limitations, Data Quality & Methodological Limitations","Data-related challenges, Technical/Methodological challenges, Socio-technical challenges, Domain-specific challenges"
S10,McGovern et al.,2017,Using artificial intelligence to improve real-time decision-making for high-impact weather,https://journals.ametsoc.org/view/journals/bams/98/10/bams-d-16-0123.1.xml,Journal ,USA,"ATMOSPHERIC STATE VARIABLES, DYNAMIC AND KINEMATIC VARIABLES, HYDROLOGICAL AND WATER CYCLE VARIABLES, ""RADIATION, ENERGY, AND COMPOSITION VARIABLES""","Disaster & Early Warning, Aviation Safety, Energy, General Weather Forecasting","Machine Learning, Deep Learning, Statistical Learning","Random Forests, Gradient Boosted Regression Trees (GBRT), Decision Trees, ANNs, SVMs, k-means clustering, Elastic nets, Logistic regression, k-nearest neighbors, ARIMA, Fuzzy logic, Analog ensemble (AnEn), DICast, GTG algorithm",Decision Support,"Satellite/Remote Sensing, Radar, Ground Stations, Crowdsourced, Multiple/Derived, IoT Sensors, CURRATED DATABASES AND BENCHMARK DATASETS","ProbSevere, MRMS, MYRORSS, RAP, RUC, MADIS, Oklahoma Mesonet, NWS storm reports, mPING app, NCAR","Storm duration: 2,872,680 training samples (Apr 2015-Jan 2016); Severe wind: 804 days (2004-2011), 20M storm objects; Severe hail: May-Jun 2014 (train), May-Jun 2015 (test); Precipitation type: 1.1M mPING observations (Dec 2012-present); Spatial coverage: Continental US","""Large (> 100,000 samples / > 100 stations / > 30 years)""","Regression & Continuous Variable, Classification & Categorical, Forecast Verification & Probabilistic, Binary & Severe Weather Detection, Statistical Significance & Feature Importance",GBRT best for storm duration (75% forecaster acceptance); Severe wind model achieved AUC >0.9; RF hail model outperformed HAILCAST and updraft helicity; RF precipitation type significantly improved freezing rain/ice pellets prediction; AI nowcasting outperformed persistence for solar; RF turbulence achieved ROC AUC 0.849 vs GTG 0.791,"Data Quality & Methodological Limitations, Forecast Horizon & Operational Limitations","Data-related challenges, Technical/Methodological challenges, Socio-technical challenges"
S11,Chinchorkar,2025,AI-Enabled decision support systems for agrometeorological forecasting and climate change mitigation,https://www.researchgate.net/profile/Sachin-Chinchorkar/publication/390555766_International_Journal_of_Statistics_and_Applied_Mathematics_2025_104_13-20_AI-Enabled_decision_support_systems_for_agrometeorological_forecasting_and_climate_change_mitigation/links/6803364060241d51400dd5fc/International-Journal-of-Statistics-and-Applied-Mathematics-2025-104-13-20-AI-Enabled-decision-support-systems-for-agrometeorological-forecasting-and-climate-change-mitigation.pdf,Journal ,India,"ATMOSPHERIC STATE VARIABLES, DYNAMIC AND KINEMATIC VARIABLES, HYDROLOGICAL AND WATER CYCLE VARIABLES, ""RADIATION, ENERGY, AND COMPOSITION VARIABLES""","Agriculture, Climate Research, Hydrology/Water","Machine Learning, Deep Learning","CNN, LSTM, Random Forest, SVM, SVR",Decision Support,"Ground Stations, Satellite/Remote Sensing, IoT Sensors, Historical Weather Data","NASA Earth Observation, FAO Climate Data, Regional agricultural monitoring centers","Dataset sizes: 10,000, 50,000, and 100,000 samples; Multiple climate regions tested (North America, Europe, Asia, Africa)","""Large (> 100,000 samples / > 100 stations / > 30 years)""","Regression & Continuous Variable, Model Performance & Efficiency","CNN achieved highest accuracy (92.5%), followed by LSTM (90.3%), Random Forest (88.7%), and SVM (85.2%); AI forecasting reduced prediction errors by 23% compared to traditional methods; Early disaster detection reduced agricultural losses by 30%; LSTM best for temperature (RMSE 2.3°C, R˛ 0.92); Larger datasets improved all models","Spatial & Geographic Constraints, Data Quality & Methodological Limitations, Forecast Horizon & Operational Limitations","Data-related challenges, Technical/Methodological challenges, Socio-technical challenges, Domain-specific challenges"
S12,Bochenek & Ustrnul,2022,Machine learning in weather prediction and climate analysesâ€”applications and perspectives,https://www.mdpi.com/2073-4433/13/2/180,Journal ,Poland,"ATMOSPHERIC STATE VARIABLES, DYNAMIC AND KINEMATIC VARIABLES, HYDROLOGICAL AND WATER CYCLE VARIABLES, ""RADIATION, ENERGY, AND COMPOSITION VARIABLES""","Climate Research, Disaster & Early Warning, Energy","Machine Learning, Deep Learning","Deep Learning, Random Forest, Artificial Neural Networks, Support Vector Machine, XGBoost, K-means Clustering, PCA, CNN",Prediction,"Reanalysis, Satellite/Remote Sensing, Historical Weather Data","Google Scholar database of 500 papers (2018-2021), ECMWF, NOAA","500 papers (2018-2021); Geographical focus: China (40% of climate papers), USA, Australia, India, Germany","""Medium (1,000 - 100,000 samples / 10-100 stations / 5-30 years)""",Specialized & Domain-Specific,"Most common NWP topics: wind forecasting, ensemble forecasting, data assimilation, extreme events; Most common climate topics: climate change, global climate models, climate impact, remote sensing; Most used methods: ANN, DL, RF, XGB, SVM; ML methods will be key feature in future weather forecasting","Spatial & Geographic Constraints, Data Quality & Methodological Limitations","Technical/Methodological challenges, Socio-technical challenges"
S13,El Hachimi et al.,2022,Smart weather data management based on artificial intelligence and big data analytics for precision agriculture,https://www.mdpi.com/2077-0472/13/1/95,Journal ,Morocco,"ATMOSPHERIC STATE VARIABLES, DYNAMIC AND KINEMATIC VARIABLES, HYDROLOGICAL AND WATER CYCLE VARIABLES, ""RADIATION, ENERGY, AND COMPOSITION VARIABLES""","Agriculture, General Weather Forecasting, Hydrology/Water","Machine Learning, Deep Learning, Statistical Learning","XGBoost, FFNN, LSTM, Facebook Prophet, Random Forest, Local Outlier Factor (LOF)",Decision Support,"Ground Stations, Reanalysis, IoT Sensors, Crowdsourced, Historical Weather Data, CURRATED DATABASES AND BENCHMARK DATASETS, Multiple/Derived","Meteorological station (R3 station, Morocco), ERA5-Land reanalysis (Copernicus), IoT sensors","2013-2020 (7 years), half-hourly scale; R3 district, Haouz plain, Morocco (semiarid region)","""Small (? 1,000 samples / ? 10 stations / ? 5 years)""","Regression & Continuous Variable, Model Performance & Efficiency","Deep learning missing data imputation achieved R˛=0.96, RMSE=0.04 for air temperature; XGBoost ET? estimation achieved R˛=0.97, RMSE=0.07 using limited variables; LSTM slightly outperformed FFNN for humidity (R˛=0.812 vs 0.768); Feature importance showed temperature and radiation as key ET? predictors","Spatial & Geographic Constraints, Data Quality & Methodological Limitations, Forecast Horizon & Operational Limitations","Technical/Methodological challenges, Socio-technical challenges, Domain-specific challenges"
S14,Huntingford et al.,2019,Machine learning and artificial intelligence to aid climate change research and preparedness,https://iopscience.iop.org/article/10.1088/1748-9326/ab4e55/meta,Journal ,UK,"ATMOSPHERIC STATE VARIABLES, HYDROLOGICAL AND WATER CYCLE VARIABLES, ""RADIATION, ENERGY, AND COMPOSITION VARIABLES""","Climate Research, Agriculture","Machine Learning, Deep Learning, Artificial Intelligence","Gradient Descent, Gaussian Processes, Nonlinear Non-Gaussian Inference, Sequential Monte Carlo, Bayesian Hierarchical Methods, Neural Networks, Random Forest, GBRT, CNN, SVM, ANN, GRNN, Self-Organizing Maps, Clustering, Empirical Orthogonal Functions, Fuzzy Logic, Wavelet Transforms, Extreme Learning Machine",Both,"Ground Stations, Satellite/Remote Sensing, Reanalysis, CURRATED DATABASES AND BENCHMARK DATASETS, Historical Weather Data","ECMWF, CMIP5, MODIS/MISR, PERSIANN, Natural archives (tree rings, sediments)",UK summer 2018 drought analysis (July-August 2018 vs 1979-2017); Global coverage,"""Large (> 100,000 samples / > 100 stations / > 30 years)""",None,ML methods can identify hidden teleconnections; Gaussian processes enable extrapolation of sparse data; Neural networks can emulate ESM components for speedup; Sequential Monte Carlo enables adaptive parameter learning; GBRT achieved 75% forecaster acceptance in operational testing; ML can improve drought forecasting accuracy for early warning,"Temporal & Extreme Event Limitations, Data Quality & Methodological Limitations, Forecast Horizon & Operational Limitations","Technical/Methodological challenges, Socio-technical challenges, Domain-specific challenges"
S15,Schultz et al.,2021,Can deep learning beat numerical weather prediction?,https://royalsocietypublishing.org/rsta/article/379/2194/20200097/41176,Journal ,Germany,"ATMOSPHERIC STATE VARIABLES, DYNAMIC AND KINEMATIC VARIABLES, HYDROLOGICAL AND WATER CYCLE VARIABLES, ""RADIATION, ENERGY, AND COMPOSITION VARIABLES""","General Weather Forecasting, Climate Research","Deep Learning, Machine Learning","CNN, RNN, LSTM, GRU, VAE, GAN, ConvLSTM, PredRNN, SAVP, Bayesian Deep Learning, Gaussian Processes, Probabilistic Graphical Models",Prediction,"Ground Stations, Satellite/Remote Sensing, Reanalysis, Radar, IoT Sensors, Historical Weather Data, Multiple/Derived","Weather station networks, Radiosonde networks, Aircraft observations, Satellite observations (geostationary, polar-orbiting), Radar networks, Weatherbench dataset",Various (conceptual study),Undecided,"Regression & Continuous Variable, Forecast Verification & Probabilistic, Specialized & Domain-Specific",DL could potentially replace NWP for specific end-user demands; NNs struggle with periodic features and extreme events; Physical constraints in NNs can reduce bias and improve generalization; Auto-correlation in meteorological data requires careful train-test splitting; Benchmark datasets like Weatherbench needed for progress; DL forecast systems would require multiple specialized NNs,"Temporal & Extreme Event Limitations, Data Quality & Methodological Limitations, Forecast Horizon & Operational Limitations","Data-related challenges, Technical/Methodological challenges, Domain-specific challenges"
S16,Sani et al.,2025,Integrating a hybrid statistical Downscaling-based HMM-RF model for enhanced rainfall prediction in Selangor,,Journal ,Malaysia,"ATMOSPHERIC STATE VARIABLES, DYNAMIC AND KINEMATIC VARIABLES, HYDROLOGICAL AND WATER CYCLE VARIABLES, ""RADIATION, ENERGY, AND COMPOSITION VARIABLES""","Climate Research, Disaster & Early Warning","Machine Learning, Bayesian Methods, Hybrid Models","HMM-RF, HMM-SVM, HMM-DT, HMM-KNN, HMM-ANN, PCA, MCMC, EM Algorithm, NIPALS, kNN Imputation",Prediction,"Ground Stations, Reanalysis, Multiple/Derived","Department of Irrigation and Drainage (DID) Malaysia, China Meteorological Assimilation Driving Datasets (CMADS)","2008-2018 (10 years); 33 rainfall stations across Selangor, Malaysia; 132,594 days total; 1,664 observations for monsoon season analysis","""Medium (1,000 - 100,000 samples / 10-100 stations / 5-30 years)""","Regression & Continuous Variable, Forecast Verification & Probabilistic, Statistical Significance & Feature Importance","MI imputation performed best (RMSE=0.146, MAE=0.021, NSE=1.000, r=1.000); PCA identified 5 PCs with 93.254% cumulative variance; Optimal HMM states K=3 at 2000 iterations (BIC=260,018.30); SD-based HMM-RF outperformed all other hybrids (RMSE=2.298, NSE=0.752, MAE=1.900, MFE=-0.049, KGE=0.526, ?=0.898); Key predictors: relative humidity, max temp, wind, min temp, solar radiation","Spatial & Geographic Constraints, Temporal & Extreme Event Limitations, Data Quality & Methodological Limitations","Data-related challenges, Technical/Methodological challenges, Socio-technical challenges, Domain-specific challenges"
S17,Sreedatta et al.,2025,Storm Nowcasting Analysis using LSTM Model,,Journal ,"India, Madagascar","DYNAMIC AND KINEMATIC VARIABLES, ""RADIATION, ENERGY, AND COMPOSITION VARIABLES""",Disaster & Early Warning,"Deep Learning, Machine Learning","LSTM, Random Forest, XGBoost",Prediction,"Satellite/Remote Sensing, CURRATED DATABASES AND BENCHMARK DATASETS, Multiple/Derived","Satellite observations over Nosy Be, Madagascar","Nosy Be, Madagascar (island region); Temporal coverage not specified",Ambigous,Classification & Categorical,LSTM achieved 90.25% accuracy (1-hour) and 89.32% accuracy (3-hour); LSTM outperformed Random Forest (94-95%) and XGBoost (94-95%) in temporal modeling; Random Forest achieved 95% (1-hour) and 94.19% (3-hour); XGBoost achieved 95% (1-hour) and 94% (3-hour); Probabilistic outputs enable risk-informed decision making; Web interface developed for real-time predictions,"Spatial & Geographic Constraints, Data Quality & Methodological Limitations, Forecast Horizon & Operational Limitations","Data-related challenges, Technical/Methodological challenges, Socio-technical challenges, Domain-specific challenges"
S18,Naizabayeva et al.,2025,"Hybrid Physics–Machine Learning Framework for Forecasting
Urban Air Circulation and Pollution in Mountain–Valley Cities",,Journal ,Kazakhstan,"ATMOSPHERIC STATE VARIABLES, DYNAMIC AND KINEMATIC VARIABLES, ""RADIATION, ENERGY, AND COMPOSITION VARIABLES""","Urban & Public Health, Climate Research, Disaster & Early Warning","Hybrid Physics-ML, Gradient Boosting, Decision Trees, Physics-Informed Neural Networks (PINN)","Navier-Stokes Boussinesq solver, LightGBM, RANS-PINN, K-closure turbulence model, MO theory parameterization",Prediction,"Ground Stations, Satellite/Remote Sensing, Reanalysis, IoT Sensors, Crowdsourced, CURRATED DATABASES AND BENCHMARK DATASETS, Historical Weather Data","Almaty urban monitoring network (2024), Station network (central and peri-urban conditions)","Almaty, Kazakhstan (2024, January-December); Multiple monitoring stations across urban area","""Medium (1,000 - 100,000 samples / 10-100 stations / 5-30 years)""","Regression & Continuous Variable, Statistical Significance & Feature Importance","Hybrid model achieved 16% gain in R˛ and 25% RMSE reduction vs statistical baselines; 6h forecasts: wind RMSE=1.2m/s (R˛=0.71), temperature RMSE=1.8°C (R˛=0.78), PM RMSE=0.012mg/mł (R˛=0.64); Wind+1m/s reduces PM by 10-15% during winter nights; NE-ENE wind sector dominates (5.2% frequency); LightGBM with SHAP showed wind speed contributed 41% to PM variance, temperature 23%, time features 19%","Spatial & Geographic Constraints, Temporal & Extreme Event Limitations, Data Quality & Methodological Limitations, Forecast Horizon & Operational Limitations","Data-related challenges, Technical/Methodological challenges, Domain-specific challenges"
S19,Raharja et al.,2022,"An Application of Deep Learning Technique to Improve Subseasonal to Seasonal Rainfall Forecast over Java Island, Indonesia",https://journal.ipb.ac.id/index.php/jpsl/article/view/39478,Journal ,Indonesia,HYDROLOGICAL AND WATER CYCLE VARIABLES,"Climate Research, Agriculture, Hydrology/Water Resource","Deep Learning, Convolutional Neural Networks","Convolutional AutoEncoders (ConvAE), Regression kriging, Multimodel Ensemble (MME)",Prediction,"Ground Stations, Satellite/Remote Sensing, CURRATED DATABASES AND BENCHMARK DATASETS, Historical Weather Data","BMKG (Indonesian Meteorological Agency), CHIRPS, SubX Project (NASA, NOAA/NCEP, University of Miami, NRL, Environment Canada)","Java Island, Indonesia; 1999-2016 (hindcast training), 2018-2019 (forecast evaluation); 7 SubX models (67 ensemble members total); 0.05° spatial resolution","""Medium (1,000 - 100,000 samples / 10-100 stations / 5-30 years)""","Regression & Continuous Variable, Forecast Verification & Probabilistic","ConvAE improved CC for lead 1-4 weeks: from 0.76?0.809, 0.715?0.751, 0.692?0.719, 0.722?0.74; CRPSS improved 20-30% for all leads; Ensemble spread reduced after correction; NESM showed most dramatic improvement (RMSE 47.2?28.8 at week 1, CRPSS -0.437?0.327); ConvAE successfully captured spatial patterns and reduced biases","Spatial & Geographic Constraints, Data Quality & Methodological Limitations, Forecast Horizon & Operational Limitations","Data-related challenges, Technical/Methodological challenges, Socio-technical challenges, Domain-specific challenges"
S20,Singh et al.,2024,Ensemble Machine Learning Techniques for Prediction of Rainfall in India,https://www.agrophysics.in/admin/adminjournalpdf/202501080904012074914398/journal-565943145.pdf,Journal ,India,HYDROLOGICAL AND WATER CYCLE VARIABLES,"General Weather Forecasting, Hydrology/Water Resource, Disaster & Early Warning, Agriculture","Ensemble Learning, Machine Learning, Particle Swarm Optimization (PSO)","ANN, SVR, RF, Weighted Ensemble (PSO-optimized), Unweighted Ensemble",Prediction,Ground Stations,"Indian Institute of Tropical Meteorology (Pune, India) - www.tropmet.res.in","10 subdivisions: Central India (BH, CHH, EMP, EUP, WMP, VDH, TEL) and Eastern Coastal (CoAP, TN, OD); 1812 monthly observations (1871-2021); 1452 training, 360 testing","""Medium (1,000 - 100,000 samples / 10-100 stations / 5-30 years)""",Regression & Continuous Variable,"Proposed PSO-weighted ensemble outperformed individual ML models in all 10 subdivisions; SVR had lowest RMSE/RRSE but higher MAE than RF; Ensemble model achieved lowest RMSE and RRSE in all subdivisions; In BH, CHH, CoAP, EUP, VDH: ensemble lowest in all metrics; CV ranges 95.42-150.93% indicating high variability; All subdivisions positively skewed","Spatial & Geographic Constraints, Temporal & Extreme Event Limitations, Data Quality & Methodological Limitations","Technical/Methodological challenges, Domain-specific challenges"
S21,Hilal et al.,2022,"Weather Forecasting Prediction Using Ensemble Machine Learning for Big
Data Applications",,Journal ,Journal Article,"ATMOSPHERIC STATE VARIABLES, DYNAMIC AND KINEMATIC VARIABLES, HYDROLOGICAL AND WATER CYCLE VARIABLES, ""RADIATION, ENERGY, AND COMPOSITION VARIABLES""",General Weather Forecasting,"Ensemble Learning, Machine Learning, Gradient Boosting","Random Forest (RF), Gradient Boosting Decision Tree (GBDT), Naive Bayes Bernoulli (NBB), KNN, Max-voting ensemble (EBWF)",Prediction,"Ground Stations, IoT Sensors, CURRATED DATABASES AND BENCHMARK DATASETS, Historical Weather Data",Indian airport weather stations,"2006-2018; 9 features expanded to 27 features (every 3h); 80% training (2006-2016), 20% testing (2017-2018); Indian airport stations","""Medium (1,000 - 100,000 samples / 10-100 stations / 5-30 years)""","Regression & Continuous Variable, Classification & Categorical","Proposed EBWF achieved 95.7% accuracy (train), 94.9% (test); Precision=0.9578, Recall=0.9492, F1= highest among all models; Prediction time: <10s for 1000 nodes, <40s for 5000 nodes; EBWF outperformed individual models (RF 88.4%, GBDT 92.6%, NBB 93.9%, KNN 89.3%); Selected features: f4, f5, f6, f7, f8 (wind direction, wind velocity, temperature, humidity, atmospheric pressure)","Data Quality & Methodological Limitations, Forecast Horizon & Operational Limitations","Data-related challenges, Technical/Methodological challenges"
S22,Li et al.,2024,Using Physics-Encoded GeoAI to Improve the Physical Realism of Deep Learningâ€˛ s Rainfall-Runoff Responses under Climate Change,https://www.sciencedirect.com/science/article/pii/S1569843224004552,Journal ,"China, USA","ATMOSPHERIC STATE VARIABLES, HYDROLOGICAL AND WATER CYCLE VARIABLES, ""RADIATION, ENERGY, AND COMPOSITION VARIABLES""","Hydrology/Water Resource, Climate Research, Disaster & Early Warning, General Weather Forecasting, Agriculture","Physics-Encoded Deep Learning, Differentiable Programming, Process-based Modeling","d 
NN
?
  (physics-encoded neural network), LSTM, EXP-HYDRO, HBV, Regionalized deep neural network (FCNN), Surrogate neural network for PET",Prediction,"Ground Stations, Satellite/Remote Sensing, Radar, IoT Sensors, CURRATED DATABASES AND BENCHMARK DATASETS","CAMELS dataset (Newman et al., 2015; Addor et al., 2017), NASA National Snow and Ice Data Center (SWE data, Zeng et al., 2018)","29 catchments in California; Training: 1980-2000, Testing: 2000-2010; 27 catchment attributes; 5 meteorological forcings","""Medium (1,000 - 100,000 samples / 10-100 stations / 5-30 years)""","Regression & Continuous Variable, Forecast Verification & Probabilistic, Specialized & Domain-Specific","dNN outperformed LSTM and process-based models (median NSE: 
dNN=0.78, LSTM=0.76, EXP-HYDRO=0.63, HBV=0.59); 
dNN predicted only 8/29 catchments with misleading runoff increases vs LSTM's 14/29; 
dNN? captured cold-season runoff increase and warm-season recession better than LSTM; 
dNN? inferred snowpack dynamics with avg correlation 0.74 to SWE data; 
dNN explained non-monotonic runoff in glacial catchments (initial increase then decrease)","Spatial & Geographic Constraints, Temporal & Extreme Event Limitations, Data Quality & Methodological Limitations","Technical/Methodological challenges, Domain-specific challenges"
S23,Gaur et al.,2024,Precipitation nowcasting using deep learning techniques,https://www.academia.edu/download/94703739/32176528.pdf,Conference ,USA,HYDROLOGICAL AND WATER CYCLE VARIABLES,"Disaster & Early Warning, General Weather Forecasting","Deep Learning, Computer Vision, Convolutional Neural Networks, Recurrent Neural Networks","ConvLSTM, Conv2DLSTMCell, MultiRNNCell, Conv3D, Content-Motion Encoder-Decoder, Model0 (encoder-forecasting), Model1 (stacked ConvLSTM2D), Model2 (content+motion encoder), Model1v2 (ConvLSTM2D + batch norm)",Prediction,"Radar, CURRATED DATABASES AND BENCHMARK DATASETS","WSR-88D Doppler Radar (NEXRAD), Pudong, Shanghai; Harvard Dataverse (Lei Chen, 2019); 170,000 frames (Oct 2015 - Jul 2018)",Stacked ConvLSTMs with residual input gave satisfactory results; Logcosh loss improved training and accelerated convergence; Model1v2 with batch normalization showed best precipitation predictions; Content-motion encoder (Model2) successfully captured spatial layout and temporal dynamics independently; SSIM effective for perceptual image similarity,Ambigous,None,"Radar noise filtering, Handling zero-precipitation frames, High-resolution prediction preservation, Multi-step prediction accuracy, Loss function optimization (logcosh > MSE/BCE), Spatial resolution vs performance trade-off, Atmospheric chaos modeling, Temperature/wind influence integration, Real-time operational deployment, Spatio-temporal sequence prediction",Not Reported,Not Reported
S24,Kumar et al.,2023,Evaluation of an artificial intelligence algorithm for forecasting daily temperature,https://www.researchgate.net/profile/Amit-Kumar-847/publication/376634532_Evaluation_of_an_artificial_intelligence_algorithm_for_forecasting_daily_temperature/links/65b6360a1e1ec12eff518f66/Evaluation-of-an-artificial-intelligence-algorithm-for-forecasting-daily-temperature.pdf,Journal ,India,ATMOSPHERIC STATE VARIABLES,"General Weather Forecasting, Agriculture","Deep Learning, LSTM, ANN","LSTM (MD), LSTM (MD&DoY), ANN (comparison with 1/3/5-day lags)",Prediction,"Ground Stations, Satellite/Remote Sensing, Reanalysis, IoT Sensors, CURRATED DATABASES AND BENCHMARK DATASETS, Historical Weather Data, Multiple/Derived","ICAR-IARI, New Delhi (Division of Agricultural Physics); Daily data 1991-2020 (30 years)","IARI research farm, New Delhi, India; 1991-2020 (30 years); Daily resolution","""Small (? 1,000 samples / ? 10 stations / ? 5 years)""","Regression & Continuous Variable, Forecast Verification & Probabilistic","LSTM (MD&DoY) outperformed LSTM (MD) for both max/min temperature; Max temp: MAE=1.05-1.13, MSE=2.05-2.31, RMSE=1.43-1.52, NSE=0.95-0.96, R˛=0.94-0.95; Min temp: MAE=1.39-1.49, MSE=3.53-4.04, RMSE=1.88-2.01, NSE=0.94, R˛=0.94-0.95; DoY improved peak and lower value capture; Performance ""very good"" (NSE>0.93, R˛>0.94)","Spatial & Geographic Constraints, Temporal & Extreme Event Limitations, Data Quality & Methodological Limitations","Technical/Methodological challenges, Socio-technical challenges, Domain-specific challenges"
S25,Tufail & Gul,2024,Artificial Intelligence and Statistical Regression for the Prediction of Temperature over Sukkur Region,https://ijaims.smiu.edu.pk/index.php/AIMS/article/view/125,Journal ,Pakistan,ATMOSPHERIC STATE VARIABLES,General Weather Forecasting,"Machine Learning, Deep Learning, Statistical Regression","Multiple Linear Regression, Supervised Machine Learning (Linear Regression - scikit-learn), Artificial Neural Network (ANN - feedforward with 8 neurons, sigmoid activation)",Prediction,"Ground Stations, CURRATED DATABASES AND BENCHMARK DATASETS, Historical Weather Data",Copernicus Climate Data Store (CDS) - https://cds.climate.copernicus.eu,"Sukkur region, Sindh, Pakistan; 2001-2019 (19 years); 4 predictor cities within 22-108km distance","""Small (? 1,000 samples / ? 10 stations / ? 5 years)""","Regression & Continuous Variable, Statistical Significance & Feature Importance","Supervised LR performed best (R˛=0.99812, MSE=0.00029, MAE=0.01327, RMSE=0.01713, MAPE=0.04789%); Multiple regression (R˛=0.99795, MSE=0.00032, MAE=0.01375); ANN (R˛=0.89482, MSE=0.00875, MAE=0.08152); Ghotki identified as most influential predictor (coefficient 0.995); Linear models outperformed non-linear (DTR, RFR, SVR) with R˛=0.996 vs 0.866-0.962","Spatial & Geographic Constraints, Temporal & Extreme Event Limitations, Data Quality & Methodological Limitations","Data-related challenges, Technical/Methodological challenges, Domain-specific challenges"
S26,Taromideh et al.,2025,"Rainfall nowcasting by integrating radar and rain gauge data with machine learning for Ischia Island, Italy",https://www.sciencedirect.com/science/article/pii/S2214581825000977,Journal ,Italy,HYDROLOGICAL AND WATER CYCLE VARIABLES,"Disaster & Early Warning, Hydrology/Water Resource","Machine Learning, Ensemble Learning, Random Forest Regression","Random Forest Regressor (with hyperparameter tuning: NE=30, MD=10), 5-fold cross-validation",Prediction,"Ground Stations, Radar, IoT Sensors, CURRATED DATABASES AND BENCHMARK DATASETS, Historical Weather Data","Civil Protection Multi-Risk Functional Center (Italy), Radar-DPC platform","Ischia Island, Italy; Nov 2020 - Dec 2023; 4 rain gauge stations; 541 rainfall events identified (152 at Forio, 143 at Piano Liguori with >30mm)","""Small (? 1,000 samples / ? 10 stations / ? 5 years)""","Regression & Continuous Variable, Statistical Significance & Feature Importance","Best model: Forio gauge + radar (E/W sectors) achieved RMSE=6.0mm (validation), 6.1mm (test) at 120min lead time; 13% improvement over gauge-only (RMSE=6.9mm); Optimal lags: gauge (0,-10,-20min), radar (0,-10,-20,-30min); East sector radar more important than West; Model maintained good performance up to 120min, degraded at 180min; Successfully transferred to Piano Liguori station (R˛=0.950)","Spatial & Geographic Constraints, Temporal & Extreme Event Limitations, Data Quality & Methodological Limitations, Forecast Horizon & Operational Limitations","Data-related challenges, Technical/Methodological challenges, Socio-technical challenges"
S27,Rubino,2024,Time series forecasting using Machine Learning: some results of two research projects,https://inria.hal.science/hal-04756220/,Conference ,"France, Uruguay, Argentina, Chile","ATMOSPHERIC STATE VARIABLES, HYDROLOGICAL AND WATER CYCLE VARIABLES","General Weather Forecasting, Disaster & Early Warning, Climate Research","Machine Learning, Deep Learning, Reservoir Computing, Evolutionary Algorithms, AutoML","EvoESN (Evolutionary Echo State Network), XGBoost, Graph Wavenet, AutoGluonTS, AutoGluon-Tabular, Pangu-Weather (reference), GraphCast (reference)",Prediction,"Ground Stations, Satellite/Remote Sensing, Reanalysis, IoT Sensors, CURRATED DATABASES AND BENCHMARK DATASETS, Historical Weather Data, Multiple/Derived","200+ weather stations in Southern South America (Argentina, Chile, Uruguay, Paraguay, Brazil); ERA5; Public oceanic datasets",Southern South America; 30+ years of daily data (1981-2020); 137-200+ weather stations; 90-day periods for seasonal forecasting,"""Large (> 100,000 samples / > 100 stations / > 30 years)""","Regression & Continuous Variable, Forecast Verification & Probabilistic","EvoESN outperforms standard ESN on chaotic benchmarks; XGBoost and Graph Wavenet achieve state-of-the-art for 1-10 day forecasts (Graph Wavenet better for short lead times, XGBoost for longer); AutoGluonTS matches/exceeds specialized ML models for 90-day mean prediction with moderate feature engineering; Absolute accuracy remains low for seasonal prediction due to system complexity; Operational centers (<20 worldwide) produce only 3-class probabilistic forecasts","Temporal & Extreme Event Limitations, Data Quality & Methodological Limitations, Forecast Horizon & Operational Limitations","Data-related challenges, Technical/Methodological challenges, Socio-technical challenges, Domain-specific challenges"
S28,Adebayo et al.,2022,Meteorological data prediction over selected stations in Sub-Sahara Africa: leveraging on machine learning algorithm,https://www.rjs.ruh.ac.lk/index.php/rjs/article/view/403,Journal ,Nigeria,"ATMOSPHERIC STATE VARIABLES, DYNAMIC AND KINEMATIC VARIABLES, HYDROLOGICAL AND WATER CYCLE VARIABLES","General Weather Forecasting, Disaster & Early Warning, Agriculture, Climate Research","Machine Learning, Gaussian Process Regression (GPR)","Rational Quadratic GPR, Squared Exponential GPR, Matern 5/2 GPR, Exponential GPR, Optimized GPR",Prediction,"Ground Stations, Satellite/Remote Sensing, Radar, Reanalysis, IoT Sensors, CURRATED DATABASES AND BENCHMARK DATASETS, Historical Weather Data, Multiple/Derived",HelioClim MERRA-2 Reanalysis data (http://www.soda-pro.com),"5 stations in Nigeria (Abuja, Ikeja, Ilorin, Maiduguri, Port Harcourt, Sokoto); 1980-2020 (41 years); Monthly averages","""Medium (1,000 - 100,000 samples / 10-100 stations / 5-30 years)""","Regression & Continuous Variable, Model Performance & Efficiency","Optimized GPR performed best: RMSE=0.50342, MSE=0.25343, MAE=0.36976, R˛=0.9226; Other models: RMSE 0.51799-0.52093, MAE 0.38525-0.39351, R˛ 0.9115-0.9121; Prediction speeds: 15,000-26,000 obs/sec; Training times: 282s (optimized) vs 1.89-7.94s (others); Strong correlation between rainfall and humidity/pressure/wind; Normalization improved model performance","Spatial & Geographic Constraints, Temporal & Extreme Event Limitations, Data Quality & Methodological Limitations, Forecast Horizon & Operational Limitations","Data-related challenges, Technical/Methodological challenges, Domain-specific challenges"
S29,Zhao et al.,2026,A Deep Learning-Based Model for Nowcasting of Convective Initiation Using Infrared Observations,https://ieeexplore.ieee.org/abstract/document/11328812/,Journal ,China,"ATMOSPHERIC STATE VARIABLES, ""RADIATION, ENERGY, AND COMPOSITION VARIABLES""","Aviation Safety, Disaster & Early Warning, Climate Research, General Weather Forecasting","Deep Learning, Physics-Embedded Neural Networks, Attention Mechanisms","Physically-embedded CNN-ResNet, LSTM, Transformer, TCN, MSA (Multi-head Self-Attention), CAB (Convective Feature Attention Block), U-Net style fusion network",Prediction,"Ground Stations, Satellite/Remote Sensing, Reanalysis, CURRATED DATABASES AND BENCHMARK DATASETS","Himawari-8/9 (AHI), AERI (Qingdao 2021, Hangzhou 2023), FY-4A/GIIRS, ERA5, China Meteorological Administration radar mosaic","Qingdao (2021??), Hangzhou (2023?8-10?); 7960 test samples (1751 positive, 22%); 0-6h forecasts at 10-min intervals","""Small (? 1,000 samples / ? 10 stations / ? 5 years)""","Binary & Severe Weather Detection, Statistical Significance & Feature Importance","Physically-embedded model achieved 6h avg CSI=0.62 (vs 0.44 with satellite-only, 40% improvement); vs pure data-driven (0.46, 35% improvement); 0-3h CSI>0.5, peak at 1.2h; POD=0.87, PRE=0.68; Level-3 rainfall CSI=0.823; Radar validation: CSI=0.31 (vs 0.14-0.24 for others, 29% improvement); Feature analysis showed CAPE pattern learning; 4h profile+2h satellite optimal","Spatial & Geographic Constraints, Data Quality & Methodological Limitations, Forecast Horizon & Operational Limitations","Data-related challenges, Technical/Methodological challenges, Socio-technical challenges, Domain-specific challenges"
S30,Elabd et al.,2025,Climate change prediction in Saudi Arabia using a CNN GRU LSTM hybrid deep learning model in al Qassim region,https://www.nature.com/articles/s41598-025-00607-0,Journal ,"Saudi Arabia, Egypt","ATMOSPHERIC STATE VARIABLES, DYNAMIC AND KINEMATIC VARIABLES, HYDROLOGICAL AND WATER CYCLE VARIABLES","General Weather Forecasting, Agriculture, Disaster & Early Warning, Climate Research, Aviation Safety","Deep Learning, Hybrid Neural Networks, SMOGN for imbalance","CNN-GRU-LSTM (256/128/32/16 Conv filters, GRU 256, LSTM 128), DTR, RFR, ETR, BRR, KNNR",Prediction,"Ground Stations, Satellite/Remote Sensing, Reanalysis, Radar, IoT Sensors, Crowdsourced, CURRATED DATABASES AND BENCHMARK DATASETS, Historical Weather Data, Multiple/Derived","KAPSARC Open Data Portal (Saudi hourly weather data) - 51,358 records","Al-Qassim Region, Saudi Arabia; Historical data up to 2025; Forecasts to 2050; 51,358 records","""Small (? 1,000 samples / ? 10 stations / ? 5 years)""",Regression & Continuous Variable,"CNN-GRU-LSTM outperformed all traditional models across 4 scenarios: Temperature (R˛=99.62%, MSE=0.0102, MAE=0.0805); Dew point (R˛=99.15%, MSE=0.0141, MAE=0.0952); Visibility (R˛=99.71%, MSE=0.0099, MAE=0.0799); Sea level pressure (R˛=99.60%, MSE=0.0100, MAE=0.0803); KNNR performed worst; SMOGN effectively handled data imbalance; Training time 2.5-3.5h per scenario; Prediction <0.5s per instance","Spatial & Geographic Constraints, Temporal & Extreme Event Limitations","Data-related challenges, Technical/Methodological challenges, Domain-specific challenges"
S31,Singarasubramanian et al.,2021,"Rainfall prediction around Sathanur dam by Naive Bayes classifier, logistic regression models and various classification and regression machine learning techniques",https://www.malque.pub/ojs/index.php/msj/article/view/2398,Journal ,India,"HYDROLOGICAL AND WATER CYCLE VARIABLES, ""RADIATION, ENERGY, AND COMPOSITION VARIABLES""","General Weather Forecasting, Agriculture, Hydrology/Water Resource, Disaster & Early Warning","Machine Learning, Classification, Regression","CART (Classification and Regression Tree), LDA (Linear Discriminant Analysis), KNN (K-Nearest Neighbors), SVM (Support Vector Machine), Naive Bayes, Logistic Regression, Random Forest",Prediction,"Ground Stations, Satellite/Remote Sensing, Reanalysis, Radar, IoT Sensors, CURRATED DATABASES AND BENCHMARK DATASETS, Historical Weather Data, Multiple/Derived","Water Resources Organization, Middle Ponnaiyar River Division, Public Works Department, Tiruvanamalai, Tamil Nadu, India (Sathanur Reservoir)","Sathanur Dam, Tamil Nadu, India; Year 2012 (366 days); 3 seasonal periods: Dry (152 days), Monsoon I (92 days), Monsoon II (122 days)","""Small (? 1,000 samples / ? 10 stations / ? 5 years)""","Classification & Categorical, Statistical Significance & Feature Importance","CART achieved highest accuracy (86.11%); RF: 88.08% (train), OOB error 11.48%; KNN (k=5): 95.08% accuracy on test; SVM: 84.72% accuracy; Naive Bayes: 73.61% accuracy; Rainfall inversely related to water level; Inflow positively correlated with rainfall; Monsoon II has highest rainfall probability (0.0991); Only 58 rainy days (15.85%) out of 366; Water level distribution platykurtic (flat tail), inflow leptokurtic (heavy tails)","Temporal & Extreme Event Limitations, Data Quality & Methodological Limitations","Data-related challenges, Technical/Methodological challenges, Domain-specific challenges"
S32,Manero J. et al.,2019,Deep Learning is blowing in the wind. Deep models applied to wind prediction at turbine level,https://iopscience.iop.org/article/10.1088/1742-6596/1222/1/012037/meta,Conference ,NA,"ATMOSPHERIC STATE VARIABLES, DYNAMIC AND KINEMATIC VARIABLES",Energy,Deep Learning,"Multi-Layer Perceptron (MLP) seq2seq, MLP Direct, Convolutional Neural Network (CNN) seq2seq, Recurrent Neural Network (RNN) seq2seq, RNN encoder-decoder, k-Nearest Neighbors (k-NN) (baseline), Persistence (baseline).",Prediction,"Ground Stations, Satellite/Remote Sensing, Reanalysis, Radar, IoT Sensors, Crowdsourced, CURRATED DATABASES AND BENCHMARK DATASETS, Historical Weather Data, Multiple/Derived",U.S. National Renewable Energy Laboratory (NREL) Wind Toolkit.,"126,692 wind sites / 7 years (2007–2013)","""Large (> 100,000 samples / > 100 stations / > 30 years)""",Regression & Continuous Variable,"- Deep learning models outperformed statistical baselines (k-NN, Persistence). - MLP seq2seq had better accuracy than MLP direct regression. - MLP seq2seq showed slightly better average accuracy than RNN and CNN, but differences were narrow. - The best-performing model varied by site, suggesting a dependence on local terrain and wind characteristics (e.g., RNN better in high-variability areas like the Plains and West Coast). - Models showed accuracy differences between test and validation years, indicating that wind regimes change over time, requiring retraining.","Temporal & Extreme Event Limitations, Data Quality & Methodological Limitations, Forecast Horizon & Operational Limitations","Data-related challenges, Technical/Methodological challenges, Domain-specific challenges"
S33,Yang S. et al.,2024,Deep learning for near-surface air temperature estimation from FengYun 4A satellite data,https://ieeexplore.ieee.org/abstract/document/10274655/,Journal ,China,ATMOSPHERIC STATE VARIABLES,"General Weather Forecasting, Climate Research",Deep Learning,"Transformer-based Neural Network (TaNet) - based on UCTransNet architecture; Compared with U-Net, CFSv2, CRA, ERA5.",Prediction,"Ground Stations, Satellite/Remote Sensing, Reanalysis, CURRATED DATABASES AND BENCHMARK DATASETS, Historical Weather Data, Multiple/Derived","FY-4A/AGRI satellite (China Meteorological Administration), ERA5 reanalysis (ECMWF), CRA reanalysis (CMA), CFSv2 reanalysis (NCEP), Meteorological station observations (CMA).","Training: April 2021-May 2022 (14 months); Testing: Jan, Apr, Jul, Oct 2020 (4 months); Station data: 2,231 stations.,Region 50°S-50°N, 40°E-140°E (covering Asia, Oceania, parts of Africa/Europe); 0.25°×0.25° spatial resolution.","""Large (> 100,000 samples / > 100 stations / > 30 years)""",Regression & Continuous Variable,"- TaNet achieved excellent performance: CC=0.990 with ERA5, CC=0.959 with station observations. - TaNet outperformed CFSv2, CRA, and U-Net across all metrics. - Against ERA5 benchmark: TaNet reduced RMSE by 20.94% vs CFSv2 (1.503°C vs 1.901°C) and 16.92% vs U-Net (1.503°C vs 1.809°C). - Against station observations: TaNet reduced RMSE by 10.55% vs CFSv2 (2.594°C vs 2.900°C), 2.26% vs CRA (2.594°C vs 2.654°C), and 5.54% vs U-Net (2.594°C vs 2.746°C). - TaNet showed particular improvement in challenging regions (mid-high latitudes, Qinghai-Tibet Plateau) and during July (summer conditions).","Spatial & Geographic Constraints, Temporal & Extreme Event Limitations, Data Quality & Methodological Limitations","Data-related challenges, Technical/Methodological challenges, Socio-technical challenges, Domain-specific challenges"
S34,Meenal R. et al.,2022,Machine learning based smart weather prediction,https://siiet.ac.in/wp-content/uploads/2023/12/3.Machine-Learning-using-Smart-Weather-Forecasting.pdf,Journal ,India,"ATMOSPHERIC STATE VARIABLES, DYNAMIC AND KINEMATIC VARIABLES, HYDROLOGICAL AND WATER CYCLE VARIABLES, ""RADIATION, ENERGY, AND COMPOSITION VARIABLES""","General Weather Forecasting, Agriculture",Machine Learning,"Linear Regression, Support Vector Machine (SVM), Decision Tree; also compared with empirical models (Hargreaves & Samani, Bristow & Campbell).",Prediction,"Ground Stations, Satellite/Remote Sensing, Reanalysis, Radar, IoT Sensors, CURRATED DATABASES AND BENCHMARK DATASETS, Historical Weather Data, Multiple/Derived","Indian Meteorological Department (IMD), Pune; AQUASTAT website; Locations across India including New Delhi, Bangalore, Hyderabad, Trivandrum, Mumbai, and eight Tamil Nadu locations.",Multiple locations across India; Time period not explicitly specified,Ambigous,Regression & Continuous Variable,"- Machine learning models significantly outperformed conventional temperature-based empirical models for weather prediction. - Decision tree regression achieved MSE of 0.1397 and correlation coefficient of 0.9259. - Empirical models performed worse: Hargreaves & Samani (MSE=1.5272, R=0.8921); Bristow & Campbell (MSE=1.5423, R=0.8874). - ML models successfully predicted precipitation, relative humidity, wind speed, and solar radiation with better accuracy. - Demonstrated that ML approaches require less computational effort while providing superior results.","Spatial & Geographic Constraints, Data Quality & Methodological Limitations","Data-related challenges, Technical/Methodological challenges, Socio-technical challenges, Domain-specific challenges"
S35,El- Habil et al.,2022,Global climate prediction using deep learning,https://www.jatit.org/volumes/Vol100No24/27Vol100No24.pdf?trk=public_post_comment%E2%80%90text,Journal,Palestine,"ATMOSPHERIC STATE VARIABLES, HYDROLOGICAL AND WATER CYCLE VARIABLES",General Weather Forecasting,Deep Learning (DL),"Recurrent Neural Network (RNN), Long Short-Term Memory (LSTM)",Prediction,"Ground Stations, Satellite/Remote Sensing, Reanalysis, CURRATED DATABASES AND BENCHMARK DATASETS, Historical Weather Data, Multiple/Derived",National Centers for Environmental Information (NCEI),"27,029 daily climate data records from January 1, 1948, to December 31, 2021 (Global coverage)","""Large (> 100,000 samples / > 100 stations / > 30 years)""","Classification & Categorical, Model Performance & Efficiency",The proposed LSTM-based model achieved a high testing accuracy of 100% for global temperature prediction.,"Temporal & Extreme Event Limitations, Data Quality & Methodological Limitations, Forecast Horizon & Operational Limitations","Data-related challenges, Technical/Methodological challenges, Socio-technical challenges, Domain-specific challenges"
S36,Mandal & Sarode,2020,Prediction of wind speed using machine learning,https://www.researchgate.net/profile/Nabanita-Mandal/publication/342281636_Prediction_of_Wind_Speed_using_Machine_Learning/links/638adedf7d9b40514e0db289/Prediction-of-Wind-Speed-using-Machine-Learning.pdf,Conference ,India,ATMOSPHERIC STATE VARIABLES,General Weather Forecasting,"Machine Learning (ML), Deep Learning (DL)","Linear Regression, Random Forest, Deep Neural Network (DNN)",Prediction,"Ground Stations, Satellite/Remote Sensing, Reanalysis, Radar, IoT Sensors, Crowdsourced, CURRATED DATABASES AND BENCHMARK DATASETS, Historical Weather Data, Multiple/Derived","India Meteorological Department, Pune",216 training samples. Data collected from a station in India (specific location not named).,"""Small (? 1,000 samples / ? 10 stations / ? 5 years)""",Regression & Continuous Variable,"Random Forest outperformed Linear Regression and DNN, achieving the lowest errors (e.g., RMSE of 0.325 for 80:20 split). The study demonstrates the effectiveness of ML for wind speed prediction.","Spatial & Geographic Constraints, Temporal & Extreme Event Limitations","Data-related challenges, Technical/Methodological challenges"
S37,Sabit et al.,2025,An IoT-Driven System for Real-Time Weather Data Generation and Short-Term Forecasting Using Machine Learning Approaches,https://www.atlantis-press.com/proceedings/icerie-25/126018320,Conference ,Bangladesh,"ATMOSPHERIC STATE VARIABLES, DYNAMIC AND KINEMATIC VARIABLES, HYDROLOGICAL AND WATER CYCLE VARIABLES, ""RADIATION, ENERGY, AND COMPOSITION VARIABLES""","General Weather Forecasting, Disaster & Early Warning, Aviation Safety",Machine Learning (ML),"K-Nearest Neighbors (KNN), Support Vector Regression (SVR), Decision Tree, Ridge Regression",Prediction,"Ground Stations, Reanalysis, IoT Sensors, Crowdsourced, CURRATED DATABASES AND BENCHMARK DATASETS, Historical Weather Data, Multiple/Derived","Custom-built IoT weather station, Visual Crossing (historical data)","8,735 rows of data (2001-2024 historical + Dec 2024-Jan 2025 IoT data). Local coverage (Sylhet, Bangladesh).","""Small (? 1,000 samples / ? 10 stations / ? 5 years)""",Regression & Continuous Variable,"SVR outperformed other models for temperature prediction (MSE: 0.770, R˛: 0.985). The integration of IoT with ML significantly improved localized, real-time weather forecasting.","Temporal & Extreme Event Limitations, Data Quality & Methodological Limitations","Data-related challenges, Technical/Methodological challenges"
S38,Wang & Wang,2022,Predict the Weather in a Certain Area based on the Deep Learning Method of LSTM and MLP,http://www.icj-e.org/download/ICJE-8-9-135-144.pdf,Journal ,China (Hong Kong),ATMOSPHERIC STATE VARIABLES,General Weather Forecasting,Deep Learning (DL),"Multilayer Perceptron (MLP), Long Short-Term Memory (LSTM)",Prediction,"Ground Stations, Satellite/Remote Sensing, Reanalysis, Radar, Crowdsourced, CURRATED DATABASES AND BENCHMARK DATASETS, Historical Weather Data, Multiple/Derived",Unspecified (downloaded dataset),">90,000 rows. Specific location and time span not specified.",Ambigous,Model Performance & Efficiency,Both MLP and LSTM models performed well in predicting temperature trends and values. LSTM predictions were sensitive to learning rate. Overfitting was identified as a potential issue.,Data Quality & Methodological Limitations,"Data-related challenges, Technical/Methodological challenges"
S39,Qian et al.,2025,Wind speed prediction based on deep learning and time frequency feature,https://iopscience.iop.org/article/10.1088/1742-6596/3007/1/012050/meta,Journal,China,DYNAMIC AND KINEMATIC VARIABLES,General Weather Forecasting,"Deep Learning (DL), Attention Mechanism","Gated Recurrent Unit (GRU), Time Series Decomposition (TSD), Attention",Prediction,"Ground Stations, Historical Weather Data, IoT Sensors, CURRATED DATABASES AND BENCHMARK DATASETS",Seven cities in the Netherlands (2011-2020),Hourly data from 2011-01-01 to 2020-03-29 for seven Dutch cities.,"""Medium (1,000 - 100,000 samples / 10-100 stations / 5-30 years)""",Regression & Continuous Variable,"The TSD-GRU-Attention model outperformed 2D/3D CNN models, especially for longer-term predictions (6-10 hours ahead). Ablation studies confirmed the benefit of TSD and attention modules.","Temporal & Extreme Event Limitations, Forecast Horizon & Operational Limitations","Technical/Methodological challenges, Domain-specific challenges"
S40,Iwase & Takenawa,2024,Interpolation of mountain weather forecasts by machine learning,https://www.jstage.jst.go.jp/article/ipsjjip/32/0/32_873/_article/-char/ja/,Journal ,Japan,"ATMOSPHERIC STATE VARIABLES, HYDROLOGICAL AND WATER CYCLE VARIABLES",General Weather Forecasting,Machine Learning (ML),"LightGBM, XGBoost, Elastic Net, Extra Trees, Neural Network",Prediction,"Ground Stations, Satellite/Remote Sensing, Reanalysis, IoT Sensors, CURRATED DATABASES AND BENCHMARK DATASETS, Historical Weather Data, Multiple/Derived","JMA, Weathernews, Tenki to Kurasu (for Mt. Fuji and Hakone, Japan)","2019-2023 (observed), 144 days (forecast). Local coverage (Mt. Fuji and Hakone, Japan).","""Small (? 1,000 samples / ? 10 stations / ? 5 years)""",Regression & Continuous Variable,LightGBM outperformed other models in accuracy and training speed. The method significantly improved temperature forecasts for Mt. Fuji compared to commercial services. A combined MSE-binary cross-entropy loss reduced bias in precipitation predictions.,"Temporal & Extreme Event Limitations, Data Quality & Methodological Limitations","Data-related challenges, Technical/Methodological challenges, Domain-specific challenges"
S41,Waris,2024,Hyperlocalized Weather Prediction Using Machine Learning and AI,https://www.researchgate.net/profile/Khurram-Waris-2/publication/381734193_Hyperlocalized_Weather_Prediction_Using_Machine_Learning_and_AI/links/667c8c58714e0b03152b74b1/Hyperlocalized-Weather-Prediction-Using-Machine-Learning-and-AI.pdf,Conference ,UK,"ATMOSPHERIC STATE VARIABLES, DYNAMIC AND KINEMATIC VARIABLES, ""RADIATION, ENERGY, AND COMPOSITION VARIABLES""",General Weather Forecasting,"Machine Learning (ML), Deep Learning (DL)","RandomForestRegressor, TensorFlow/Keras models (unspecified)",Prediction,"Ground Stations, Satellite/Remote Sensing, Reanalysis, Radar, Crowdsourced, IoT Sensors, CURRATED DATABASES AND BENCHMARK DATASETS, Historical Weather Data, Multiple/Derived","NOAA's GHCN, OpenWeatherMap API (implied), NASA EarthData",NA,Ambigous,Regression & Continuous Variable,"The system demonstrated high accuracy for hyperlocal prediction, with the model showing a decreasing MSE over training epochs. The GUI was found to be user-friendly.",Data Quality & Methodological Limitations,"Data-related challenges, Technical/Methodological challenges, Socio-technical challenges"
S42,Xiong,2025,Temperature and Humidity Prediction Based on Machine Learning,https://www.itm-conferences.org/articles/itmconf/abs/2025/01/itmconf_dai2024_04004/itmconf_dai2024_04004.html,Journal ,China,ATMOSPHERIC STATE VARIABLES,General Weather Forecasting,Machine Learning (ML),"Linear Regression (LR), Support Vector Machine (SVM), Neural Network (NN), Random Forest (RF)",Prediction,"Ground Stations, Satellite/Remote Sensing, Reanalysis, Radar, CURRATED DATABASES AND BENCHMARK DATASETS, Historical Weather Data, Multiple/Derived",Kaggle,"96,454 entries. Specific location and time span not specified.",Ambigous,"Regression & Continuous Variable, Classification & Categorical","The Neural Network (NN) model outperformed LR, SVM, and RF for both temperature (MAE: 6.74) and humidity (MAE: 0.15) prediction, demonstrating its ability to capture complex nonlinear relationships.",Data Quality & Methodological Limitations,"Data-related challenges, Technical/Methodological challenges"
S43,Rao,2024,Leveraging Machine Learning for Precipitation Prediction: Enhancing Weather Forecast Accuracy,https://scholar.archive.org/work/6u7vrr6levhhncybg5nsfbp23y/access/wayback/https://www.atlantis-press.com/article/125998111.pdf,Conference ,China,"ATMOSPHERIC STATE VARIABLES, HYDROLOGICAL AND WATER CYCLE VARIABLES",General Weather Forecasting,Machine Learning (ML),"Prophet (time series model), Logistic Regression (mentioned)",Prediction,"Ground Stations, Satellite/Remote Sensing, Reanalysis, Radar, IoT Sensors, Crowdsourced, CURRATED DATABASES AND BENCHMARK DATASETS, Historical Weather Data, Multiple/Derived","National Centers for Environmental Information (NOAA) for Xiamen, China (2000-2023)","23 years (2000-2023) of daily data. Local coverage (Xiamen, China).","""Small (? 1,000 samples / ? 10 stations / ? 5 years)""",Specialized & Domain-Specific,"The Prophet model successfully captured the seasonal trends of precipitation, predicting higher values in summer and lower in winter. The predicted trend aligned with historical patterns, demonstrating the potential of ML for forecasting.","Temporal & Extreme Event Limitations, Data Quality & Methodological Limitations","Data-related challenges, Technical/Methodological challenges, Domain-specific challenges"
S44,Yang et al.,2023,Machine Learning: Rain and Visible Moisture Prediction for Airport Safety,http://www.ijstre.com/Publish/8302023/754235658.pdf,Journal ,"USA, China","ATMOSPHERIC STATE VARIABLES, DYNAMIC AND KINEMATIC VARIABLES, HYDROLOGICAL AND WATER CYCLE VARIABLES",General Weather Forecasting,Machine Learning (ML),"Logistic Regression, Neural Network (NN)",Prediction,"Ground Stations, IoT Sensors, CURRATED DATABASES AND BENCHMARK DATASETS, Historical Weather Data",Iowa Environmental Mesonet (IEM) for Seattle (SEA) and San Francisco (SFO) airports,SEA: 1960-2008 (rain). SFO: 1950-2023 (visible moisture). Local coverage (SEA and SFO airports).,"""Small (? 1,000 samples / ? 10 stations / ? 5 years)""",Classification & Categorical,"Both models successfully predicted rain at SEA after data augmentation (NN accuracy: 88%, Logistic Regression: 86%). For visible moisture at SFO, Logistic Regression with augmented data significantly outperformed the dummy model (88% accuracy).","Spatial & Geographic Constraints, Data Quality & Methodological Limitations, Forecast Horizon & Operational Limitations","Data-related challenges, Technical/Methodological challenges"
S45,Chen et al.,2023,FuXi: A cascade machine learning forecasting system for 15-day global weather forecast,https://doi.org/10.1038/s41612-023-00512-1,Journal,China,"ATMOSPHERIC STATE VARIABLES, DYNAMIC AND KINEMATIC VARIABLES, HYDROLOGICAL AND WATER CYCLE VARIABLES",General Weather Forecasting,"Deep Learning (DL), Transformer","FuXi (U-Transformer with Swin Transformer V2 blocks), GraphCast (for comparison)",Prediction,"Reanalysis, CURRATED DATABASES AND BENCHMARK DATASETS, Historical Weather Data",ECMWF ERA5 (1979-2018),"39 years (1979-2017) of 6-hourly data for training, 2018 for testing. Global coverage at 0.25° resolution.","""Large (> 100,000 samples / > 100 stations / > 30 years)""","Regression & Continuous Variable, Forecast Verification & Probabilistic","FuXi outperforms ECMWF HRES and GraphCast, especially beyond 7 days. It achieves performance comparable to ECMWF ensemble mean in 15-day forecasts, extending skillful lead times for Z500 (to 10.5d) and T2M (to 14.5d). The FuXi ensemble shows promising CRPS scores.",Data Quality & Methodological Limitations,Technical/Methodological challenges
S46,Oswald,2020,Predicting rainfall using machine learning techniques,https://www.researchgate.net/profile/Prabhs-Uyyala/publication/371123728_PREDICTING_RAINFALL_USING_MACHINE_LEARNING_TECHNIQUES/links/647410e6a25e543829daa153/PREDICTING-RAINFALL-USING-MACHINE-LEARNING-TECHNIQUES.pdf,Conference ,Canada,"ATMOSPHERIC STATE VARIABLES, DYNAMIC AND KINEMATIC VARIABLES, HYDROLOGICAL AND WATER CYCLE VARIABLES, ""RADIATION, ENERGY, AND COMPOSITION VARIABLES""","General Weather Forecasting, Agriculture, Disaster & Early Warning, Hydrology/Water Resource",Machine Learning (ML),"Logistic Regression, Decision Tree, KNN, Decision Table, Random Forest, AdaBoost, Gradient Boosting",Prediction,"Radar, IoT Sensors, Crowdsourced, CURRATED DATABASES AND BENCHMARK DATASETS, Multiple/Derived, Ground Stations, Reanalysis, Satellite/Remote Sensing, Historical Weather Data","Australian weather stations (Kaggle dataset, 142k instances)",142k instances from multiple Australian stations. Time span not specified.,"""Medium (1,000 - 100,000 samples / 10-100 stations / 5-30 years)""",Classification & Categorical,Model performance varied significantly with input data. Gradient Boosting was most consistent. Input data preprocessing (especially handling class imbalance) drastically affected results. Oversampling led to overfitting for Decision Tree.,"Spatial & Geographic Constraints, Data Quality & Methodological Limitations","Technical/Methodological challenges, Data-related challenges"
S47,Alve et al.,2024,HARNESSING HISTORICAL WEATHER DATA WITH MACHINE LEARNING FOR RAINFALL FORECASTING IN BANGLADESH: A TIME SERIES ANALYSIS,https://doi.org/10.47760/cognizance.2024.v04i08.017,Journal,Bangladesh,HYDROLOGICAL AND WATER CYCLE VARIABLES,General Weather Forecasting,Machine Learning (ML),"Random Forest, Linear Regression, SVR, Decision Tree, KNN, AdaBoost, XGBoost, Ridge, LinearSVR, MLP Regressor",Prediction,"Ground Stations, Reanalysis, Historical Weather Data","Kaggle dataset: ""Historical Rainfall Data in Bangladesh"" by Redikod (1901-2015)",1901-2015 (114 years) of historical rainfall data for Bangladesh.,"""Medium (1,000 - 100,000 samples / 10-100 stations / 5-30 years)""","Regression & Continuous Variable, Classification & Categorical","Random Forest model significantly outperformed all other models, achieving the lowest error (MAE: 64.25, MSE: 12,245.52) and the highest classification accuracy (91% overall accuracy, 0.95 precision, 0.92 recall for rainy days).",Data Quality & Methodological Limitations,Not Reported
S48,Shil et al.,2025,Evaluating Machine Learning and Deep Learning Models for Rainfall Prediction in the Southeastern Region of Bangladesh,https://www.researchgate.net/profile/Md-Shakib-2/publication/391330860_Evaluating_Machine_Learning_and_Deep_Learning_Models_for_Rainfall_Prediction_in_the_Southeastern_Region_of_Bangladesh/links/6812fc35bfbe974b23bfa135/Evaluating-Machine-Learning-and-Deep-Learning-Models-for-Rainfall-Prediction-in-the-Southeastern-Region-of-Bangladesh.pdf,Conference ,Bangladesh,DYNAMIC AND KINEMATIC VARIABLES,General Weather Forecasting,"Machine Learning (ML), Deep Learning (DL)","SVR, Decision Tree (DT), Random Forest (RF), Bayesian Linear Regression (BLR), Boosted Decision Tree Regression (BDTR), Random Forest Regression (RFR), Neural Network Regression (NNR), LSTM, CNN, ANN",Prediction,"Historical Weather Data, Ground Stations, Reanalysis",Bangladesh Meteorological Department (BMD) for Cox's Bazar (1981-2022),"40 years (1981-2022) of monthly data from Cox's Bazar, Bangladesh.","""Small (? 1,000 samples / ? 10 stations / ? 5 years)""","Regression & Continuous Variable, Model Performance & Efficiency","Decision Tree (DT) achieved the highest test R˛ among ML models (0.81). LSTM was the best DL model (test R˛: 0.72, with low overfitting). CNN showed significant overfitting (test R˛: 0.45). LSTM demonstrated robust generalization for complex, non-linear time series data.","Spatial & Geographic Constraints, Data Quality & Methodological Limitations","Technical/Methodological challenges, Domain-specific challenges"
S49,Appiah-Badu et al.,2021,Rainfall prediction using machine learning algorithms for the various ecological zones of Ghana,https://doi.org/10.1109/ACCESS.2021.3139312,Journal,Ghana,"ATMOSPHERIC STATE VARIABLES, DYNAMIC AND KINEMATIC VARIABLES, HYDROLOGICAL AND WATER CYCLE VARIABLES, ""RADIATION, ENERGY, AND COMPOSITION VARIABLES""","General Weather Forecasting, Disaster & Early Warning, Agriculture, Hydrology/Water Resource",Machine Learning (ML),"Decision Tree (DT/C5.0), Random Forest (RF), Multilayer Perceptron (MLP), Extreme Gradient Boosting (XGB), K-Nearest Neighbour (KNN)",Prediction,"Historical Weather Data, Reanalysis, Ground Stations",Ghana Meteorological Agency (GMet) from 22 synoptic stations across 4 ecological zones (1980-2019),40 years (1980-2019) of data from 22 stations across 4 zones in Ghana.,"""Medium (1,000 - 100,000 samples / 10-100 stations / 5-30 years)""","Classification & Categorical, Model Performance & Efficiency","RF, XGB, and MLP performed consistently well across all zones and data splits. DT was the fastest model in execution time. KNN performed the worst overall. Model performance for rain/no-rain classes varied by zone, reflecting local climate patterns.",Data Quality & Methodological Limitations,"Data-related challenges, Technical/Methodological challenges"
S50,Hamad et al.,2025,Integrating Machine Learning in IoT Solutions for Real-Time Weather Forecasting Systems,https://doi.org/10.18280/i2m.240203,Journal,Iraq,ATMOSPHERIC STATE VARIABLES,"Urban & Public Health, Disaster & Early Warning, Aviation Safety","Machine Learning (ML), Internet of Things (IoT)",Naive Bayes (Gaussian),Decision Support,"IoT Sensors, CURRATED DATABASES AND BENCHMARK DATASETS, Historical Weather Data","Custom IoT system with DHT11, BMP180 sensors in Iraq (collected manually)","Manually collected dataset from sensors in Iraq. Size not specified, but used for training.",Ambigous,"Regression & Continuous Variable, Classification & Categorical","The integrated IoT-ML system successfully monitored temperature, humidity, and pressure, displaying data on an LCD, ThingSpeak cloud, and a smartphone app. The Naive Bayes model enabled real-time on-device classification. System readings showed good correlation with reference devices (Pearson r: 0.64 for temp, 0.94 for humidity).","Data Quality & Methodological Limitations, Forecast Horizon & Operational Limitations","Data-related challenges, Technical/Methodological challenges, Socio-technical challenges"
,,,,,,,,,,,,,,,,,,,
,,,,,,,,,,,,,,,,,,,
,,,,,,,,,,,,,,,,,,,
,,,,,,,,,,,,,,,,,,,
,,,,,,,,,,,,,,,,,,,
,,,,,,,,,,,,,,,,,,,
,,,,,,,,,,,,,,,,,,,
,,,,,,,,,,,,,,,,,,,
,,,,,,,,,,,,,,,,,,,
,,,,,,,,,,,,,,,,,,,
,,,,,,,,,,,,,,,,,,,
,,,,,,,,,,,,,,,,,,,
,,,,,,,,,,,,,,,,,,,
,,,,,,,,,,,,,,,,,,,
,,,,,,,,,,,,,,,,,,,
,,,,,,,,,,,,,,,,,,,
,,,,,,,,,,,,,,,,,,,
,,,,,,,,,,,,,,,,,,,
,,,,,,,,,,,,,,,,,,,
,,,,,,,,,,,,,,,,,,,
,,,,,,,,,,,,,,,,,,,
,,,,,,,,,,,,,,,,,,,
,,,,,,,,,,,,,,,,,,,
,,,,,,,,,,,,,,,,,,,
,,,,,,,,,,,,,,,,,,,
,,,,,,,,,,,,,,,,,,,
,,,,,,,,,,,,,,,,,,,
,,,,,,,,,,,,,,,,,,,
,,,,,,,,,,,,,,,,,,,
,,,,,,,,,,,,,,,,,,,
,,,,,,,,,,,,,,,,,,,
,,,,,,,,,,,,,,,,,,,
,,,,,,,,,,,,,,,,,,,
,,,,,,,,,,,,,,,,,,,
,,,,,,,,,,,,,,,,,,,
,,,,,,,,,,,,,,,,,,,
,,,,,,,,,,,,,,,,,,,
,,,,,,,,,,,,,,,,,,,
,,,,,,,,,,,,,,,,,,,
,,,,,,,,,,,,,,,,,,,
,,,,,,,,,,,,,,,,,,,
,,,,,,,,,,,,,,,,,,,
,,,,,,,,,,,,,,,,,,,
,,,,,,,,,,,,,,,,,,,
,,,,,,,,,,,,,,,,,,,
,,,,,,,,,,,,,,,,,,,
,,,,,,,,,,,,,,,,,,,
,,,,,,,,,,,,,,,,,,,
,,,,,,,,,,,,,,,,,,,
,,,,,,,,,,,,,,,,,,,
,,,,,,,,,,,,,,,,,,,
,,,,,,,,,,,,,,,,,,,
,,,,,,,,,,,,,,,,,,,
,,,,,,,,,,,,,,,,,,,
,,,,,,,,,,,,,,,,,,,
,,,,,,,,,,,,,,,,,,,
,,,,,,,,,,,,,,,,,,,
,,,,,,,,,,,,,,,,,,,
,,,,,,,,,,,,,,,,,,,
,,,,,,,,,,,,,,,,,,,
,,,,,,,,,,,,,,,,,,,
,,,,,,,,,,,,,,,,,,,
,,,,,,,,,,,,,,,,,,,
,,,,,,,,,,,,,,,,,,,
,,,,,,,,,,,,,,,,,,,
,,,,,,,,,,,,,,,,,,,
,,,,,,,,,,,,,,,,,,,
,,,,,,,,,,,,,,,,,,,
,,,,,,,,,,,,,,,,,,,
,,,,,,,,,,,,,,,,,,,
,,,,,,,,,,,,,,,,,,,
,,,,,,,,,,,,,,,,,,,
,,,,,,,,,,,,,,,,,,,
,,,,,,,,,,,,,,,,,,,
,,,,,,,,,,,,,,,,,,,
,,,,,,,,,,,,,,,,,,,
,,,,,,,,,,,,,,,,,,,
,,,,,,,,,,,,,,,,,,,
,,,,,,,,,,,,,,,,,,,
,,,,,,,,,,,,,,,,,,,
,,,,,,,,,,,,,,,,,,,
,,,,,,,,,,,,,,,,,,,
,,,,,,,,,,,,,,,,,,,
,,,,,,,,,,,,,,,,,,,
,,,,,,,,,,,,,,,,,,,
,,,,,,,,,,,,,,,,,,,
,,,,,,,,,,,,,,,,,,,
,,,,,,,,,,,,,,,,,,,
,,,,,,,,,,,,,,,,,,,
,,,,,,,,,,,,,,,,,,,
,,,,,,,,,,,,,,,,,,,
,,,,,,,,,,,,,,,,,,,
,,,,,,,,,,,,,,,,,,,
,,,,,,,,,,,,,,,,,,,
,,,,,,,,,,,,,,,,,,,
,,,,,,,,,,,,,,,,,,,
,,,,,,,,,,,,,,,,,,,
,,,,,,,,,,,,,,,,,,,
,,,,,,,,,,,,,,,,,,,
,,,,,,,,,,,,,,,,,,,
,,,,,,,,,,,,,,,,,,,
,,,,,,,,,,,,,,,,,,,
,,,,,,,,,,,,,,,,,,,
,,,,,,,,,,,,,,,,,,,
,,,,,,,,,,,,,,,,,,,
,,,,,,,,,,,,,,,,,,,
,,,,,,,,,,,,,,,,,,,
,,,,,,,,,,,,,,,,,,,
,,,,,,,,,,,,,,,,,,,
,,,,,,,,,,,,,,,,,,,
,,,,,,,,,,,,,,,,,,,
,,,,,,,,,,,,,,,,,,,
,,,,,,,,,,,,,,,,,,,
,,,,,,,,,,,,,,,,,,,
,,,,,,,,,,,,,,,,,,,
,,,,,,,,,,,,,,,,,,,
,,,,,,,,,,,,,,,,,,,
,,,,,,,,,,,,,,,,,,,
,,,,,,,,,,,,,,,,,,,
,,,,,,,,,,,,,,,,,,,
,,,,,,,,,,,,,,,,,,,
,,,,,,,,,,,,,,,,,,,
,,,,,,,,,,,,,,,,,,,
,,,,,,,,,,,,,,,,,,,
,,,,,,,,,,,,,,,,,,,
,,,,,,,,,,,,,,,,,,,
,,,,,,,,,,,,,,,,,,,
,,,,,,,,,,,,,,,,,,,
,,,,,,,,,,,,,,,,,,,
,,,,,,,,,,,,,,,,,,,
,,,,,,,,,,,,,,,,,,,
,,,,,,,,,,,,,,,,,,,
,,,,,,,,,,,,,,,,,,,
,,,,,,,,,,,,,,,,,,,
,,,,,,,,,,,,,,,,,,,
,,,,,,,,,,,,,,,,,,,
,,,,,,,,,,,,,,,,,,,
,,,,,,,,,,,,,,,,,,,
,,,,,,,,,,,,,,,,,,,
,,,,,,,,,,,,,,,,,,,
,,,,,,,,,,,,,,,,,,,
,,,,,,,,,,,,,,,,,,,
,,,,,,,,,,,,,,,,,,,
,,,,,,,,,,,,,,,,,,,
,,,,,,,,,,,,,,,,,,,
,,,,,,,,,,,,,,,,,,,
,,,,,,,,,,,,,,,,,,,
,,,,,,,,,,,,,,,,,,,
,,,,,,,,,,,,,,,,,,,
,,,,,,,,,,,,,,,,,,,
,,,,,,,,,,,,,,,,,,,
,,,,,,,,,,,,,,,,,,,
,,,,,,,,,,,,,,,,,,,
,,,,,,,,,,,,,,,,,,,
,,,,,,,,,,,,,,,,,,,
,,,,,,,,,,,,,,,,,,,
,,,,,,,,,,,,,,,,,,,
,,,,,,,,,,,,,,,,,,,
,,,,,,,,,,,,,,,,,,,
,,,,,,,,,,,,,,,,,,,
,,,,,,,,,,,,,,,,,,,
,,,,,,,,,,,,,,,,,,,
,,,,,,,,,,,,,,,,,,,
,,,,,,,,,,,,,,,,,,,
,,,,,,,,,,,,,,,,,,,
,,,,,,,,,,,,,,,,,,,
,,,,,,,,,,,,,,,,,,,
,,,,,,,,,,,,,,,,,,,
,,,,,,,,,,,,,,,,,,,
,,,,,,,,,,,,,,,,,,,
,,,,,,,,,,,,,,,,,,,
,,,,,,,,,,,,,,,,,,,
,,,,,,,,,,,,,,,,,,,
,,,,,,,,,,,,,,,,,,,
,,,,,,,,,,,,,,,,,,,
,,,,,,,,,,,,,,,,,,,
,,,,,,,,,,,,,,,,,,,
,,,,,,,,,,,,,,,,,,,
,,,,,,,,,,,,,,,,,,,
,,,,,,,,,,,,,,,,,,,
,,,,,,,,,,,,,,,,,,,
,,,,,,,,,,,,,,,,,,,
,,,,,,,,,,,,,,,,,,,
,,,,,,,,,,,,,,,,,,,
,,,,,,,,,,,,,,,,,,,
,,,,,,,,,,,,,,,,,,,
,,,,,,,,,,,,,,,,,,,
,,,,,,,,,,,,,,,,,,,
,,,,,,,,,,,,,,,,,,,
,,,,,,,,,,,,,,,,,,,
,,,,,,,,,,,,,,,,,,,
,,,,,,,,,,,,,,,,,,,
,,,,,,,,,,,,,,,,,,,
,,,,,,,,,,,,,,,,,,,
,,,,,,,,,,,,,,,,,,,
,,,,,,,,,,,,,,,,,,,
,,,,,,,,,,,,,,,,,,,
,,,,,,,,,,,,,,,,,,,
,,,,,,,,,,,,,,,,,,,
,,,,,,,,,,,,,,,,,,,
,,,,,,,,,,,,,,,,,,,
,,,,,,,,,,,,,,,,,,,
,,,,,,,,,,,,,,,,,,,
,,,,,,,,,,,,,,,,,,,
,,,,,,,,,,,,,,,,,,,
,,,,,,,,,,,,,,,,,,,
,,,,,,,,,,,,,,,,,,,
,,,,,,,,,,,,,,,,,,,
,,,,,,,,,,,,,,,,,,,
,,,,,,,,,,,,,,,,,,,
,,,,,,,,,,,,,,,,,,,
,,,,,,,,,,,,,,,,,,,
,,,,,,,,,,,,,,,,,,,
,,,,,,,,,,,,,,,,,,,
,,,,,,,,,,,,,,,,,,,
,,,,,,,,,,,,,,,,,,,
,,,,,,,,,,,,,,,,,,,
,,,,,,,,,,,,,,,,,,,
,,,,,,,,,,,,,,,,,,,
,,,,,,,,,,,,,,,,,,,
,,,,,,,,,,,,,,,,,,,
,,,,,,,,,,,,,,,,,,,
,,,,,,,,,,,,,,,,,,,
,,,,,,,,,,,,,,,,,,,
,,,,,,,,,,,,,,,,,,,
,,,,,,,,,,,,,,,,,,,
,,,,,,,,,,,,,,,,,,,
,,,,,,,,,,,,,,,,,,,
,,,,,,,,,,,,,,,,,,,
,,,,,,,,,,,,,,,,,,,
,,,,,,,,,,,,,,,,,,,
,,,,,,,,,,,,,,,,,,,
,,,,,,,,,,,,,,,,,,,
,,,,,,,,,,,,,,,,,,,
,,,,,,,,,,,,,,,,,,,
,,,,,,,,,,,,,,,,,,,
,,,,,,,,,,,,,,,,,,,
,,,,,,,,,,,,,,,,,,,
,,,,,,,,,,,,,,,,,,,
,,,,,,,,,,,,,,,,,,,
,,,,,,,,,,,,,,,,,,,
,,,,,,,,,,,,,,,,,,,
,,,,,,,,,,,,,,,,,,,
,,,,,,,,,,,,,,,,,,,
,,,,,,,,,,,,,,,,,,,
,,,,,,,,,,,,,,,,,,,
,,,,,,,,,,,,,,,,,,,
,,,,,,,,,,,,,,,,,,,
,,,,,,,,,,,,,,,,,,,
,,,,,,,,,,,,,,,,,,,
,,,,,,,,,,,,,,,,,,,
,,,,,,,,,,,,,,,,,,,
,,,,,,,,,,,,,,,,,,,
,,,,,,,,,,,,,,,,,,,
,,,,,,,,,,,,,,,,,,,
,,,,,,,,,,,,,,,,,,,
,,,,,,,,,,,,,,,,,,,
,,,,,,,,,,,,,,,,,,,
,,,,,,,,,,,,,,,,,,,
,,,,,,,,,,,,,,,,,,,
,,,,,,,,,,,,,,,,,,,
,,,,,,,,,,,,,,,,,,,
,,,,,,,,,,,,,,,,,,,
,,,,,,,,,,,,,,,,,,,
,,,,,,,,,,,,,,,,,,,
,,,,,,,,,,,,,,,,,,,
,,,,,,,,,,,,,,,,,,,
,,,,,,,,,,,,,,,,,,,
,,,,,,,,,,,,,,,,,,,
,,,,,,,,,,,,,,,,,,,
,,,,,,,,,,,,,,,,,,,
,,,,,,,,,,,,,,,,,,,
,,,,,,,,,,,,,,,,,,,
,,,,,,,,,,,,,,,,,,,
,,,,,,,,,,,,,,,,,,,
,,,,,,,,,,,,,,,,,,,
,,,,,,,,,,,,,,,,,,,
,,,,,,,,,,,,,,,,,,,
,,,,,,,,,,,,,,,,,,,
,,,,,,,,,,,,,,,,,,,
,,,,,,,,,,,,,,,,,,,
,,,,,,,,,,,,,,,,,,,
,,,,,,,,,,,,,,,,,,,
,,,,,,,,,,,,,,,,,,,
,,,,,,,,,,,,,,,,,,,
,,,,,,,,,,,,,,,,,,,
,,,,,,,,,,,,,,,,,,,
,,,,,,,,,,,,,,,,,,,
,,,,,,,,,,,,,,,,,,,
,,,,,,,,,,,,,,,,,,,
,,,,,,,,,,,,,,,,,,,
,,,,,,,,,,,,,,,,,,,
,,,,,,,,,,,,,,,,,,,
,,,,,,,,,,,,,,,,,,,
,,,,,,,,,,,,,,,,,,,
,,,,,,,,,,,,,,,,,,,
,,,,,,,,,,,,,,,,,,,
,,,,,,,,,,,,,,,,,,,
,,,,,,,,,,,,,,,,,,,
,,,,,,,,,,,,,,,,,,,
,,,,,,,,,,,,,,,,,,,
,,,,,,,,,,,,,,,,,,,
,,,,,,,,,,,,,,,,,,,
,,,,,,,,,,,,,,,,,,,
,,,,,,,,,,,,,,,,,,,
,,,,,,,,,,,,,,,,,,,
,,,,,,,,,,,,,,,,,,,
,,,,,,,,,,,,,,,,,,,
,,,,,,,,,,,,,,,,,,,
,,,,,,,,,,,,,,,,,,,
,,,,,,,,,,,,,,,,,,,
,,,,,,,,,,,,,,,,,,,
,,,,,,,,,,,,,,,,,,,
,,,,,,,,,,,,,,,,,,,
,,,,,,,,,,,,,,,,,,,
,,,,,,,,,,,,,,,,,,,
,,,,,,,,,,,,,,,,,,,
,,,,,,,,,,,,,,,,,,,
,,,,,,,,,,,,,,,,,,,
,,,,,,,,,,,,,,,,,,,
,,,,,,,,,,,,,,,,,,,
,,,,,,,,,,,,,,,,,,,
,,,,,,,,,,,,,,,,,,,
,,,,,,,,,,,,,,,,,,,
,,,,,,,,,,,,,,,,,,,
,,,,,,,,,,,,,,,,,,,
,,,,,,,,,,,,,,,,,,,
,,,,,,,,,,,,,,,,,,,
,,,,,,,,,,,,,,,,,,,
,,,,,,,,,,,,,,,,,,,
,,,,,,,,,,,,,,,,,,,
,,,,,,,,,,,,,,,,,,,
,,,,,,,,,,,,,,,,,,,
,,,,,,,,,,,,,,,,,,,
,,,,,,,,,,,,,,,,,,,
,,,,,,,,,,,,,,,,,,,
,,,,,,,,,,,,,,,,,,,
,,,,,,,,,,,,,,,,,,,
,,,,,,,,,,,,,,,,,,,
,,,,,,,,,,,,,,,,,,,
,,,,,,,,,,,,,,,,,,,
,,,,,,,,,,,,,,,,,,,
,,,,,,,,,,,,,,,,,,,
,,,,,,,,,,,,,,,,,,,
,,,,,,,,,,,,,,,,,,,
,,,,,,,,,,,,,,,,,,,
,,,,,,,,,,,,,,,,,,,
,,,,,,,,,,,,,,,,,,,
,,,,,,,,,,,,,,,,,,,
,,,,,,,,,,,,,,,,,,,
,,,,,,,,,,,,,,,,,,,
,,,,,,,,,,,,,,,,,,,
,,,,,,,,,,,,,,,,,,,
,,,,,,,,,,,,,,,,,,,
,,,,,,,,,,,,,,,,,,,
,,,,,,,,,,,,,,,,,,,
,,,,,,,,,,,,,,,,,,,
,,,,,,,,,,,,,,,,,,,
,,,,,,,,,,,,,,,,,,,
,,,,,,,,,,,,,,,,,,,
,,,,,,,,,,,,,,,,,,,
,,,,,,,,,,,,,,,,,,,
,,,,,,,,,,,,,,,,,,,
,,,,,,,,,,,,,,,,,,,
,,,,,,,,,,,,,,,,,,,
,,,,,,,,,,,,,,,,,,,
,,,,,,,,,,,,,,,,,,,
,,,,,,,,,,,,,,,,,,,
,,,,,,,,,,,,,,,,,,,
,,,,,,,,,,,,,,,,,,,
,,,,,,,,,,,,,,,,,,,
,,,,,,,,,,,,,,,,,,,
,,,,,,,,,,,,,,,,,,,
,,,,,,,,,,,,,,,,,,,
,,,,,,,,,,,,,,,,,,,
,,,,,,,,,,,,,,,,,,,
,,,,,,,,,,,,,,,,,,,
,,,,,,,,,,,,,,,,,,,
,,,,,,,,,,,,,,,,,,,
,,,,,,,,,,,,,,,,,,,
,,,,,,,,,,,,,,,,,,,
,,,,,,,,,,,,,,,,,,,
,,,,,,,,,,,,,,,,,,,
,,,,,,,,,,,,,,,,,,,
,,,,,,,,,,,,,,,,,,,
,,,,,,,,,,,,,,,,,,,
,,,,,,,,,,,,,,,,,,,
,,,,,,,,,,,,,,,,,,,
,,,,,,,,,,,,,,,,,,,
,,,,,,,,,,,,,,,,,,,
,,,,,,,,,,,,,,,,,,,
,,,,,,,,,,,,,,,,,,,
,,,,,,,,,,,,,,,,,,,
,,,,,,,,,,,,,,,,,,,
,,,,,,,,,,,,,,,,,,,
,,,,,,,,,,,,,,,,,,,
,,,,,,,,,,,,,,,,,,,
,,,,,,,,,,,,,,,,,,,
,,,,,,,,,,,,,,,,,,,
,,,,,,,,,,,,,,,,,,,
,,,,,,,,,,,,,,,,,,,
,,,,,,,,,,,,,,,,,,,
,,,,,,,,,,,,,,,,,,,
,,,,,,,,,,,,,,,,,,,
,,,,,,,,,,,,,,,,,,,
,,,,,,,,,,,,,,,,,,,
,,,,,,,,,,,,,,,,,,,
,,,,,,,,,,,,,,,,,,,
,,,,,,,,,,,,,,,,,,,
,,,,,,,,,,,,,,,,,,,
,,,,,,,,,,,,,,,,,,,
,,,,,,,,,,,,,,,,,,,
,,,,,,,,,,,,,,,,,,,
,,,,,,,,,,,,,,,,,,,
,,,,,,,,,,,,,,,,,,,
,,,,,,,,,,,,,,,,,,,
,,,,,,,,,,,,,,,,,,,
,,,,,,,,,,,,,,,,,,,
,,,,,,,,,,,,,,,,,,,
,,,,,,,,,,,,,,,,,,,
,,,,,,,,,,,,,,,,,,,
,,,,,,,,,,,,,,,,,,,
,,,,,,,,,,,,,,,,,,,
,,,,,,,,,,,,,,,,,,,
,,,,,,,,,,,,,,,,,,,
,,,,,,,,,,,,,,,,,,,
,,,,,,,,,,,,,,,,,,,
,,,,,,,,,,,,,,,,,,,
,,,,,,,,,,,,,,,,,,,
,,,,,,,,,,,,,,,,,,,
,,,,,,,,,,,,,,,,,,,
,,,,,,,,,,,,,,,,,,,
,,,,,,,,,,,,,,,,,,,
,,,,,,,,,,,,,,,,,,,
,,,,,,,,,,,,,,,,,,,
,,,,,,,,,,,,,,,,,,,
,,,,,,,,,,,,,,,,,,,
,,,,,,,,,,,,,,,,,,,
,,,,,,,,,,,,,,,,,,,
,,,,,,,,,,,,,,,,,,,
,,,,,,,,,,,,,,,,,,,
,,,,,,,,,,,,,,,,,,,
,,,,,,,,,,,,,,,,,,,
,,,,,,,,,,,,,,,,,,,
,,,,,,,,,,,,,,,,,,,
,,,,,,,,,,,,,,,,,,,
,,,,,,,,,,,,,,,,,,,
,,,,,,,,,,,,,,,,,,,
,,,,,,,,,,,,,,,,,,,
,,,,,,,,,,,,,,,,,,,
,,,,,,,,,,,,,,,,,,,
,,,,,,,,,,,,,,,,,,,
,,,,,,,,,,,,,,,,,,,
,,,,,,,,,,,,,,,,,,,
,,,,,,,,,,,,,,,,,,,
,,,,,,,,,,,,,,,,,,,
,,,,,,,,,,,,,,,,,,,
,,,,,,,,,,,,,,,,,,,
,,,,,,,,,,,,,,,,,,,
,,,,,,,,,,,,,,,,,,,
,,,,,,,,,,,,,,,,,,,
,,,,,,,,,,,,,,,,,,,
,,,,,,,,,,,,,,,,,,,
,,,,,,,,,,,,,,,,,,,
,,,,,,,,,,,,,,,,,,,
,,,,,,,,,,,,,,,,,,,
,,,,,,,,,,,,,,,,,,,
,,,,,,,,,,,,,,,,,,,
,,,,,,,,,,,,,,,,,,,
,,,,,,,,,,,,,,,,,,,
,,,,,,,,,,,,,,,,,,,
,,,,,,,,,,,,,,,,,,,
,,,,,,,,,,,,,,,,,,,
,,,,,,,,,,,,,,,,,,,
,,,,,,,,,,,,,,,,,,,
,,,,,,,,,,,,,,,,,,,
,,,,,,,,,,,,,,,,,,,
,,,,,,,,,,,,,,,,,,,
,,,,,,,,,,,,,,,,,,,
,,,,,,,,,,,,,,,,,,,
,,,,,,,,,,,,,,,,,,,
,,,,,,,,,,,,,,,,,,,
,,,,,,,,,,,,,,,,,,,
,,,,,,,,,,,,,,,,,,,
,,,,,,,,,,,,,,,,,,,
,,,,,,,,,,,,,,,,,,,
,,,,,,,,,,,,,,,,,,,
,,,,,,,,,,,,,,,,,,,
,,,,,,,,,,,,,,,,,,,
,,,,,,,,,,,,,,,,,,,
,,,,,,,,,,,,,,,,,,,
,,,,,,,,,,,,,,,,,,,
,,,,,,,,,,,,,,,,,,,
,,,,,,,,,,,,,,,,,,,
,,,,,,,,,,,,,,,,,,,
,,,,,,,,,,,,,,,,,,,
,,,,,,,,,,,,,,,,,,,
,,,,,,,,,,,,,,,,,,,
,,,,,,,,,,,,,,,,,,,
,,,,,,,,,,,,,,,,,,,
,,,,,,,,,,,,,,,,,,,
,,,,,,,,,,,,,,,,,,,
,,,,,,,,,,,,,,,,,,,
,,,,,,,,,,,,,,,,,,,
,,,,,,,,,,,,,,,,,,,
,,,,,,,,,,,,,,,,,,,
,,,,,,,,,,,,,,,,,,,
,,,,,,,,,,,,,,,,,,,
,,,,,,,,,,,,,,,,,,,
,,,,,,,,,,,,,,,,,,,
,,,,,,,,,,,,,,,,,,,
,,,,,,,,,,,,,,,,,,,
,,,,,,,,,,,,,,,,,,,
,,,,,,,,,,,,,,,,,,,
,,,,,,,,,,,,,,,,,,,
,,,,,,,,,,,,,,,,,,,
,,,,,,,,,,,,,,,,,,,
,,,,,,,,,,,,,,,,,,,
,,,,,,,,,,,,,,,,,,,
,,,,,,,,,,,,,,,,,,,
,,,,,,,,,,,,,,,,,,,
,,,,,,,,,,,,,,,,,,,
,,,,,,,,,,,,,,,,,,,
,,,,,,,,,,,,,,,,,,,
,,,,,,,,,,,,,,,,,,,
,,,,,,,,,,,,,,,,,,,
,,,,,,,,,,,,,,,,,,,
,,,,,,,,,,,,,,,,,,,
,,,,,,,,,,,,,,,,,,,
,,,,,,,,,,,,,,,,,,,
,,,,,,,,,,,,,,,,,,,
,,,,,,,,,,,,,,,,,,,
,,,,,,,,,,,,,,,,,,,
,,,,,,,,,,,,,,,,,,,
,,,,,,,,,,,,,,,,,,,
,,,,,,,,,,,,,,,,,,,
,,,,,,,,,,,,,,,,,,,
,,,,,,,,,,,,,,,,,,,
,,,,,,,,,,,,,,,,,,,
,,,,,,,,,,,,,,,,,,,
,,,,,,,,,,,,,,,,,,,
,,,,,,,,,,,,,,,,,,,
,,,,,,,,,,,,,,,,,,,
,,,,,,,,,,,,,,,,,,,
,,,,,,,,,,,,,,,,,,,
,,,,,,,,,,,,,,,,,,,
,,,,,,,,,,,,,,,,,,,
,,,,,,,,,,,,,,,,,,,
,,,,,,,,,,,,,,,,,,,
,,,,,,,,,,,,,,,,,,,
,,,,,,,,,,,,,,,,,,,
,,,,,,,,,,,,,,,,,,,
,,,,,,,,,,,,,,,,,,,
,,,,,,,,,,,,,,,,,,,
,,,,,,,,,,,,,,,,,,,
,,,,,,,,,,,,,,,,,,,
,,,,,,,,,,,,,,,,,,,
,,,,,,,,,,,,,,,,,,,
,,,,,,,,,,,,,,,,,,,
,,,,,,,,,,,,,,,,,,,
,,,,,,,,,,,,,,,,,,,
,,,,,,,,,,,,,,,,,,,
,,,,,,,,,,,,,,,,,,,
,,,,,,,,,,,,,,,,,,,
,,,,,,,,,,,,,,,,,,,
,,,,,,,,,,,,,,,,,,,
,,,,,,,,,,,,,,,,,,,
,,,,,,,,,,,,,,,,,,,
,,,,,,,,,,,,,,,,,,,
,,,,,,,,,,,,,,,,,,,
,,,,,,,,,,,,,,,,,,,
,,,,,,,,,,,,,,,,,,,
,,,,,,,,,,,,,,,,,,,
,,,,,,,,,,,,,,,,,,,
,,,,,,,,,,,,,,,,,,,
,,,,,,,,,,,,,,,,,,,
,,,,,,,,,,,,,,,,,,,
,,,,,,,,,,,,,,,,,,,
,,,,,,,,,,,,,,,,,,,
,,,,,,,,,,,,,,,,,,,
,,,,,,,,,,,,,,,,,,,
,,,,,,,,,,,,,,,,,,,
,,,,,,,,,,,,,,,,,,,
,,,,,,,,,,,,,,,,,,,
,,,,,,,,,,,,,,,,,,,
,,,,,,,,,,,,,,,,,,,
,,,,,,,,,,,,,,,,,,,
,,,,,,,,,,,,,,,,,,,
,,,,,,,,,,,,,,,,,,,
,,,,,,,,,,,,,,,,,,,
,,,,,,,,,,,,,,,,,,,
,,,,,,,,,,,,,,,,,,,
,,,,,,,,,,,,,,,,,,,
,,,,,,,,,,,,,,,,,,,
,,,,,,,,,,,,,,,,,,,
,,,,,,,,,,,,,,,,,,,
,,,,,,,,,,,,,,,,,,,
,,,,,,,,,,,,,,,,,,,
,,,,,,,,,,,,,,,,,,,
,,,,,,,,,,,,,,,,,,,
,,,,,,,,,,,,,,,,,,,
,,,,,,,,,,,,,,,,,,,
,,,,,,,,,,,,,,,,,,,
,,,,,,,,,,,,,,,,,,,
,,,,,,,,,,,,,,,,,,,
,,,,,,,,,,,,,,,,,,,
,,,,,,,,,,,,,,,,,,,
,,,,,,,,,,,,,,,,,,,
,,,,,,,,,,,,,,,,,,,
,,,,,,,,,,,,,,,,,,,
,,,,,,,,,,,,,,,,,,,
,,,,,,,,,,,,,,,,,,,
,,,,,,,,,,,,,,,,,,,
,,,,,,,,,,,,,,,,,,,
,,,,,,,,,,,,,,,,,,,
,,,,,,,,,,,,,,,,,,,
,,,,,,,,,,,,,,,,,,,
,,,,,,,,,,,,,,,,,,,
,,,,,,,,,,,,,,,,,,,
,,,,,,,,,,,,,,,,,,,
,,,,,,,,,,,,,,,,,,,
,,,,,,,,,,,,,,,,,,,
,,,,,,,,,,,,,,,,,,,
,,,,,,,,,,,,,,,,,,,
,,,,,,,,,,,,,,,,,,,
,,,,,,,,,,,,,,,,,,,
,,,,,,,,,,,,,,,,,,,
,,,,,,,,,,,,,,,,,,,
,,,,,,,,,,,,,,,,,,,
,,,,,,,,,,,,,,,,,,,
,,,,,,,,,,,,,,,,,,,
,,,,,,,,,,,,,,,,,,,
,,,,,,,,,,,,,,,,,,,
,,,,,,,,,,,,,,,,,,,
,,,,,,,,,,,,,,,,,,,
,,,,,,,,,,,,,,,,,,,
,,,,,,,,,,,,,,,,,,,
,,,,,,,,,,,,,,,,,,,
,,,,,,,,,,,,,,,,,,,
,,,,,,,,,,,,,,,,,,,
,,,,,,,,,,,,,,,,,,,
,,,,,,,,,,,,,,,,,,,
,,,,,,,,,,,,,,,,,,,
,,,,,,,,,,,,,,,,,,,
,,,,,,,,,,,,,,,,,,,
,,,,,,,,,,,,,,,,,,,
,,,,,,,,,,,,,,,,,,,
,,,,,,,,,,,,,,,,,,,
,,,,,,,,,,,,,,,,,,,
,,,,,,,,,,,,,,,,,,,
,,,,,,,,,,,,,,,,,,,
,,,,,,,,,,,,,,,,,,,
,,,,,,,,,,,,,,,,,,,
,,,,,,,,,,,,,,,,,,,
,,,,,,,,,,,,,,,,,,,
,,,,,,,,,,,,,,,,,,,
,,,,,,,,,,,,,,,,,,,
,,,,,,,,,,,,,,,,,,,
,,,,,,,,,,,,,,,,,,,
,,,,,,,,,,,,,,,,,,,
,,,,,,,,,,,,,,,,,,,
,,,,,,,,,,,,,,,,,,,
,,,,,,,,,,,,,,,,,,,
,,,,,,,,,,,,,,,,,,,
,,,,,,,,,,,,,,,,,,,
,,,,,,,,,,,,,,,,,,,
,,,,,,,,,,,,,,,,,,,
,,,,,,,,,,,,,,,,,,,
,,,,,,,,,,,,,,,,,,,
,,,,,,,,,,,,,,,,,,,
,,,,,,,,,,,,,,,,,,,
,,,,,,,,,,,,,,,,,,,
,,,,,,,,,,,,,,,,,,,
,,,,,,,,,,,,,,,,,,,
,,,,,,,,,,,,,,,,,,,
,,,,,,,,,,,,,,,,,,,
,,,,,,,,,,,,,,,,,,,
,,,,,,,,,,,,,,,,,,,
,,,,,,,,,,,,,,,,,,,
,,,,,,,,,,,,,,,,,,,
,,,,,,,,,,,,,,,,,,,
,,,,,,,,,,,,,,,,,,,
,,,,,,,,,,,,,,,,,,,
,,,,,,,,,,,,,,,,,,,
,,,,,,,,,,,,,,,,,,,
,,,,,,,,,,,,,,,,,,,
,,,,,,,,,,,,,,,,,,,
,,,,,,,,,,,,,,,,,,,
,,,,,,,,,,,,,,,,,,,
,,,,,,,,,,,,,,,,,,,
,,,,,,,,,,,,,,,,,,,
,,,,,,,,,,,,,,,,,,,
,,,,,,,,,,,,,,,,,,,
,,,,,,,,,,,,,,,,,,,
,,,,,,,,,,,,,,,,,,,
,,,,,,,,,,,,,,,,,,,
,,,,,,,,,,,,,,,,,,,
,,,,,,,,,,,,,,,,,,,
,,,,,,,,,,,,,,,,,,,
,,,,,,,,,,,,,,,,,,,
,,,,,,,,,,,,,,,,,,,
,,,,,,,,,,,,,,,,,,,
,,,,,,,,,,,,,,,,,,,
,,,,,,,,,,,,,,,,,,,
,,,,,,,,,,,,,,,,,,,
,,,,,,,,,,,,,,,,,,,
,,,,,,,,,,,,,,,,,,,
,,,,,,,,,,,,,,,,,,,
,,,,,,,,,,,,,,,,,,,
,,,,,,,,,,,,,,,,,,,
,,,,,,,,,,,,,,,,,,,
,,,,,,,,,,,,,,,,,,,
,,,,,,,,,,,,,,,,,,,
,,,,,,,,,,,,,,,,,,,
,,,,,,,,,,,,,,,,,,,
,,,,,,,,,,,,,,,,,,,
,,,,,,,,,,,,,,,,,,,
,,,,,,,,,,,,,,,,,,,
,,,,,,,,,,,,,,,,,,,
,,,,,,,,,,,,,,,,,,,
,,,,,,,,,,,,,,,,,,,
,,,,,,,,,,,,,,,,,,,
,,,,,,,,,,,,,,,,,,,
,,,,,,,,,,,,,,,,,,,
,,,,,,,,,,,,,,,,,,,
,,,,,,,,,,,,,,,,,,,
,,,,,,,,,,,,,,,,,,,
,,,,,,,,,,,,,,,,,,,
,,,,,,,,,,,,,,,,,,,
,,,,,,,,,,,,,,,,,,,
,,,,,,,,,,,,,,,,,,,
,,,,,,,,,,,,,,,,,,,
,,,,,,,,,,,,,,,,,,,
,,,,,,,,,,,,,,,,,,,
,,,,,,,,,,,,,,,,,,,
,,,,,,,,,,,,,,,,,,,
,,,,,,,,,,,,,,,,,,,
,,,,,,,,,,,,,,,,,,,
,,,,,,,,,,,,,,,,,,,
,,,,,,,,,,,,,,,,,,,
,,,,,,,,,,,,,,,,,,,
,,,,,,,,,,,,,,,,,,,
,,,,,,,,,,,,,,,,,,,
,,,,,,,,,,,,,,,,,,,
,,,,,,,,,,,,,,,,,,,
,,,,,,,,,,,,,,,,,,,
,,,,,,,,,,,,,,,,,,,
,,,,,,,,,,,,,,,,,,,
,,,,,,,,,,,,,,,,,,,
,,,,,,,,,,,,,,,,,,,
,,,,,,,,,,,,,,,,,,,
,,,,,,,,,,,,,,,,,,,
,,,,,,,,,,,,,,,,,,,
,,,,,,,,,,,,,,,,,,,
,,,,,,,,,,,,,,,,,,,
,,,,,,,,,,,,,,,,,,,
,,,,,,,,,,,,,,,,,,,
,,,,,,,,,,,,,,,,,,,
,,,,,,,,,,,,,,,,,,,
,,,,,,,,,,,,,,,,,,,
,,,,,,,,,,,,,,,,,,,
,,,,,,,,,,,,,,,,,,,
,,,,,,,,,,,,,,,,,,,
,,,,,,,,,,,,,,,,,,,
,,,,,,,,,,,,,,,,,,,
,,,,,,,,,,,,,,,,,,,
,,,,,,,,,,,,,,,,,,,
,,,,,,,,,,,,,,,,,,,
,,,,,,,,,,,,,,,,,,,
,,,,,,,,,,,,,,,,,,,
,,,,,,,,,,,,,,,,,,,
,,,,,,,,,,,,,,,,,,,
,,,,,,,,,,,,,,,,,,,
,,,,,,,,,,,,,,,,,,,
,,,,,,,,,,,,,,,,,,,
,,,,,,,,,,,,,,,,,,,
,,,,,,,,,,,,,,,,,,,
,,,,,,,,,,,,,,,,,,,
,,,,,,,,,,,,,,,,,,,
,,,,,,,,,,,,,,,,,,,
,,,,,,,,,,,,,,,,,,,
,,,,,,,,,,,,,,,,,,,
,,,,,,,,,,,,,,,,,,,
,,,,,,,,,,,,,,,,,,,
,,,,,,,,,,,,,,,,,,,
,,,,,,,,,,,,,,,,,,,
,,,,,,,,,,,,,,,,,,,
,,,,,,,,,,,,,,,,,,,
,,,,,,,,,,,,,,,,,,,
,,,,,,,,,,,,,,,,,,,
,,,,,,,,,,,,,,,,,,,
,,,,,,,,,,,,,,,,,,,
,,,,,,,,,,,,,,,,,,,
,,,,,,,,,,,,,,,,,,,
,,,,,,,,,,,,,,,,,,,
,,,,,,,,,,,,,,,,,,,
,,,,,,,,,,,,,,,,,,,
,,,,,,,,,,,,,,,,,,,
,,,,,,,,,,,,,,,,,,,
,,,,,,,,,,,,,,,,,,,
,,,,,,,,,,,,,,,,,,,
,,,,,,,,,,,,,,,,,,,
,,,,,,,,,,,,,,,,,,,
,,,,,,,,,,,,,,,,,,,
,,,,,,,,,,,,,,,,,,,
,,,,,,,,,,,,,,,,,,,
,,,,,,,,,,,,,,,,,,,
,,,,,,,,,,,,,,,,,,,
,,,,,,,,,,,,,,,,,,,
,,,,,,,,,,,,,,,,,,,
,,,,,,,,,,,,,,,,,,,
,,,,,,,,,,,,,,,,,,,
,,,,,,,,,,,,,,,,,,,
,,,,,,,,,,,,,,,,,,,
,,,,,,,,,,,,,,,,,,,
,,,,,,,,,,,,,,,,,,,
,,,,,,,,,,,,,,,,,,,
,,,,,,,,,,,,,,,,,,,
,,,,,,,,,,,,,,,,,,,
,,,,,,,,,,,,,,,,,,,
,,,,,,,,,,,,,,,,,,,
,,,,,,,,,,,,,,,,,,,
,,,,,,,,,,,,,,,,,,,
,,,,,,,,,,,,,,,,,,,
,,,,,,,,,,,,,,,,,,,
,,,,,,,,,,,,,,,,,,,
,,,,,,,,,,,,,,,,,,,
,,,,,,,,,,,,,,,,,,,
,,,,,,,,,,,,,,,,,,,
,,,,,,,,,,,,,,,,,,,
,,,,,,,,,,,,,,,,,,,
,,,,,,,,,,,,,,,,,,,
,,,,,,,,,,,,,,,,,,,
,,,,,,,,,,,,,,,,,,,
,,,,,,,,,,,,,,,,,,,
,,,,,,,,,,,,,,,,,,,
,,,,,,,,,,,,,,,,,,,
,,,,,,,,,,,,,,,,,,,
,,,,,,,,,,,,,,,,,,,
,,,,,,,,,,,,,,,,,,,
,,,,,,,,,,,,,,,,,,,
,,,,,,,,,,,,,,,,,,,
,,,,,,,,,,,,,,,,,,,
,,,,,,,,,,,,,,,,,,,
,,,,,,,,,,,,,,,,,,,
,,,,,,,,,,,,,,,,,,,
,,,,,,,,,,,,,,,,,,,
,,,,,,,,,,,,,,,,,,,
,,,,,,,,,,,,,,,,,,,
,,,,,,,,,,,,,,,,,,,
,,,,,,,,,,,,,,,,,,,
,,,,,,,,,,,,,,,,,,,
,,,,,,,,,,,,,,,,,,,
,,,,,,,,,,,,,,,,,,,
,,,,,,,,,,,,,,,,,,,
,,,,,,,,,,,,,,,,,,,
,,,,,,,,,,,,,,,,,,,
,,,,,,,,,,,,,,,,,,,
,,,,,,,,,,,,,,,,,,,
,,,,,,,,,,,,,,,,,,,
,,,,,,,,,,,,,,,,,,,
,,,,,,,,,,,,,,,,,,,
,,,,,,,,,,,,,,,,,,,
,,,,,,,,,,,,,,,,,,,
,,,,,,,,,,,,,,,,,,,
,,,,,,,,,,,,,,,,,,,
,,,,,,,,,,,,,,,,,,,
,,,,,,,,,,,,,,,,,,,
,,,,,,,,,,,,,,,,,,,
,,,,,,,,,,,,,,,,,,,
,,,,,,,,,,,,,,,,,,,
,,,,,,,,,,,,,,,,,,,
,,,,,,,,,,,,,,,,,,,
,,,,,,,,,,,,,,,,,,,
,,,,,,,,,,,,,,,,,,,
,,,,,,,,,,,,,,,,,,,
,,,,,,,,,,,,,,,,,,,
,,,,,,,,,,,,,,,,,,,
,,,,,,,,,,,,,,,,,,,
,,,,,,,,,,,,,,,,,,,
,,,,,,,,,,,,,,,,,,,
,,,,,,,,,,,,,,,,,,,
,,,,,,,,,,,,,,,,,,,
,,,,,,,,,,,,,,,,,,,
,,,,,,,,,,,,,,,,,,,
,,,,,,,,,,,,,,,,,,,
,,,,,,,,,,,,,,,,,,,
,,,,,,,,,,,,,,,,,,,
,,,,,,,,,,,,,,,,,,,
,,,,,,,,,,,,,,,,,,,
,,,,,,,,,,,,,,,,,,,
,,,,,,,,,,,,,,,,,,,
,,,,,,,,,,,,,,,,,,,
,,,,,,,,,,,,,,,,,,,
,,,,,,,,,,,,,,,,,,,
,,,,,,,,,,,,,,,,,,,
,,,,,,,,,,,,,,,,,,,
,,,,,,,,,,,,,,,,,,,
,,,,,,,,,,,,,,,,,,,
,,,,,,,,,,,,,,,,,,,
,,,,,,,,,,,,,,,,,,,
,,,,,,,,,,,,,,,,,,,
,,,,,,,,,,,,,,,,,,,
,,,,,,,,,,,,,,,,,,,
,,,,,,,,,,,,,,,,,,,
,,,,,,,,,,,,,,,,,,,
,,,,,,,,,,,,,,,,,,,
,,,,,,,,,,,,,,,,,,,
,,,,,,,,,,,,,,,,,,,
,,,,,,,,,,,,,,,,,,,
,,,,,,,,,,,,,,,,,,,
,,,,,,,,,,,,,,,,,,,
,,,,,,,,,,,,,,,,,,,
,,,,,,,,,,,,,,,,,,,
,,,,,,,,,,,,,,,,,,,
,,,,,,,,,,,,,,,,,,,
,,,,,,,,,,,,,,,,,,,
,,,,,,,,,,,,,,,,,,,
,,,,,,,,,,,,,,,,,,,
,,,,,,,,,,,,,,,,,,,
,,,,,,,,,,,,,,,,,,,
,,,,,,,,,,,,,,,,,,,
,,,,,,,,,,,,,,,,,,,
,,,,,,,,,,,,,,,,,,,
,,,,,,,,,,,,,,,,,,,
